"Species","LifeStage","CTmax","UniqueTrialID","Ramping_rate"
"Zebrafish","Embryo",40.3,"Zebrafish Embryo 1",18
"Zebrafish","Embryo",39.3,"Zebrafish Embryo 1",18
"Zebrafish","Embryo",40.7,"Zebrafish Embryo 2",18
"Zebrafish","Embryo",40.7,"Zebrafish Embryo 2",18
"Zebrafish","Embryo",40.6,"Zebrafish Embryo 2",18
"Zebrafish","Embryo",41.3,"Zebrafish Embryo 2",18
"Zebrafish","Embryo",40.8,"Zebrafish Embryo 2",18
"Zebrafish","Embryo",40.1,"Zebrafish Embryo 2",18
"Zebrafish","Embryo",40.7,"Zebrafish Embryo 2",18
"Zebrafish","Embryo",40.9,"Zebrafish Embryo 3",18
"Zebrafish","Embryo",41.3,"Zebrafish Embryo 3",18
"Zebrafish","Embryo",40.8,"Zebrafish Embryo 3",18
"Zebrafish","Embryo",41.5,"Zebrafish Embryo 3",18
"Zebrafish","Embryo",40.6,"Zebrafish Embryo 3",18
"Zebrafish","Embryo",41.2,"Zebrafish Embryo 3",18
"Zebrafish","Embryo",41.2,"Zebrafish Embryo 3",18
"Zebrafish","Embryo",42,"Zebrafish Embryo 3",18
"Zebrafish","Embryo",42.1,"Zebrafish Embryo 3",18
"Zebrafish","Embryo",40.5,"Zebrafish Embryo 3",18
"Zebrafish","Embryo",37.8,"Zebrafish Embryo 4",18
"Zebrafish","Embryo",39.2,"Zebrafish Embryo 4",18
"Zebrafish","Embryo",38.7,"Zebrafish Embryo 4",18
"Zebrafish","Embryo",38.7,"Zebrafish Embryo 4",18
"Zebrafish","Embryo",38.1,"Zebrafish Embryo 4",18
"Zebrafish","Embryo",38,"Zebrafish Embryo 4",18
"Zebrafish","Embryo",37.8,"Zebrafish Embryo 4",18
"Zebrafish","Embryo",37.3,"Zebrafish Embryo 4",18
"Zebrafish","Embryo",38.8,"Zebrafish Embryo 4",18
"Zebrafish","Embryo",39.2,"Zebrafish Embryo 4",18
"Zebrafish","Embryo",38.2,"Zebrafish Embryo 4",18
"Zebrafish","Embryo",38.8,"Zebrafish Embryo 4",18
"Zebrafish","Embryo",39.5,"Zebrafish Embryo 4",18
"Zebrafish","Embryo",39.2,"Zebrafish Embryo 4",18
"Zebrafish","Embryo",38.9,"Zebrafish Embryo 5",18
"Zebrafish","Embryo",39.7,"Zebrafish Embryo 5",18
"Zebrafish","Embryo",40.8,"Zebrafish Embryo 5",18
"Zebrafish","Embryo",39.9,"Zebrafish Embryo 5",18
"Zebrafish","Embryo",40.4,"Zebrafish Embryo 5",18
"Zebrafish","Embryo",39.7,"Zebrafish Embryo 5",18
"Zebrafish","Embryo",38.3,"Zebrafish Embryo 5",18
"Zebrafish","Embryo",38.8,"Zebrafish Embryo 5",18
"Zebrafish","Embryo",37.7,"Zebrafish Embryo 5",18
"Zebrafish","Embryo",39.9,"Zebrafish Embryo 5",18
"Zebrafish","Embryo",40.2,"Zebrafish Embryo 5",18
"Zebrafish","Embryo",39.7,"Zebrafish Embryo 5",18
"Zebrafish","Embryo",36.1,"Zebrafish Embryo 5",18
"Zebrafish","Embryo",39.9,"Zebrafish Embryo 5",18
"Zebrafish","Embryo",40.3,"Zebrafish Embryo 6",18
"Zebrafish","Embryo",40.5,"Zebrafish Embryo 6",18
"Zebrafish","Embryo",40.9,"Zebrafish Embryo 6",18
"Zebrafish","Embryo",39.2,"Zebrafish Embryo 6",18
"Zebrafish","Embryo",40.5,"Zebrafish Embryo 6",18
"Zebrafish","Embryo",40.1,"Zebrafish Embryo 6",18
"Zebrafish","Embryo",40.2,"Zebrafish Embryo 6",18
"Zebrafish","Embryo",40.1,"Zebrafish Embryo 6",18
"Zebrafish","Embryo",40.6,"Zebrafish Embryo 6",18
"Zebrafish","Embryo",40.2,"Zebrafish Embryo 6",18
"Zebrafish","Embryo",40.1,"Zebrafish Embryo 6",18
"Zebrafish","Embryo",40.6,"Zebrafish Embryo 6",18
"Zebrafish","Embryo",40.5,"Zebrafish Embryo 6",18
"Zebrafish","Embryo",40.6,"Zebrafish Embryo 6",18
"Zebrafish","Embryo",39.7,"Zebrafish Embryo 6",18
"Zebrafish","Embryo",40.6,"Zebrafish Embryo 6",18
"Zebrafish","Embryo",40.9,"Zebrafish Embryo 6",18
"Zebrafish","Embryo",41.1,"Zebrafish Embryo 6",18
"Zebrafish","Embryo",41.3,"Zebrafish Embryo 6",18
"Zebrafish","Embryo",41,"Zebrafish Embryo 6",18
"Zebrafish","Embryo",42.2,"Zebrafish Embryo 7",18
"Zebrafish","Embryo",40.9,"Zebrafish Embryo 7",18
"Zebrafish","Embryo",41.3,"Zebrafish Embryo 7",18
"Zebrafish","Embryo",41.2,"Zebrafish Embryo 7",18
"Zebrafish","Embryo",41.6,"Zebrafish Embryo 7",18
"Zebrafish","Embryo",41.5,"Zebrafish Embryo 7",18
"Zebrafish","Embryo",41.2,"Zebrafish Embryo 7",18
"Zebrafish","Embryo",41.7,"Zebrafish Embryo 7",18
"Zebrafish","Embryo",41.7,"Zebrafish Embryo 7",18
"Zebrafish","Embryo",41.3,"Zebrafish Embryo 7",18
"Zebrafish","Embryo",42.3,"Zebrafish Embryo 7",18
"Zebrafish","Embryo",41.8,"Zebrafish Embryo 7",18
"Zebrafish","Embryo",42.3,"Zebrafish Embryo 7",18
"Zebrafish","Embryo",42.3,"Zebrafish Embryo 7",18
"Zebrafish","Embryo",41.2,"Zebrafish Embryo 7",18
"Zebrafish","Embryo",42.2,"Zebrafish Embryo 7",18
"Zebrafish","Embryo",41.6,"Zebrafish Embryo 7",18
"Zebrafish","Embryo",41.6,"Zebrafish Embryo 7",18
"Zebrafish","Embryo",41.2,"Zebrafish Embryo 7",18
"Zebrafish","Embryo",40.7,"Zebrafish Embryo 8",18
"Zebrafish","Embryo",40.5,"Zebrafish Embryo 8",18
"Zebrafish","Embryo",39.7,"Zebrafish Embryo 8",18
"Zebrafish","Embryo",39.3,"Zebrafish Embryo 8",18
"Zebrafish","Embryo",39.3,"Zebrafish Embryo 8",18
"Zebrafish","Embryo",41,"Zebrafish Embryo 8",18
"Zebrafish","Embryo",41.8,"Zebrafish Embryo 8",18
"Zebrafish","Embryo",40.7,"Zebrafish Embryo 8",18
"Zebrafish","Embryo",40.2,"Zebrafish Embryo 8",18
"Zebrafish","Embryo",38.7,"Zebrafish Embryo 8",18
"Zebrafish","Embryo",41.3,"Zebrafish Embryo 8",18
"Zebrafish","Embryo",41.4,"Zebrafish Embryo 8",18
"Zebrafish","Embryo",41.2,"Zebrafish Embryo 8",18
"Zebrafish","Embryo",40.5,"Zebrafish Embryo 8",18
"Zebrafish","Embryo",41.1,"Zebrafish Embryo 8",18
"Zebrafish","Embryo",40.8,"Zebrafish Embryo 8",18
"Zebrafish","Embryo",41.3,"Zebrafish Embryo 8",18
"Zebrafish","Embryo",41.5,"Zebrafish Embryo 8",18
"Zebrafish","Embryo",40.9,"Zebrafish Embryo 8",18
"Zebrafish","Embryo",38,"Zebrafish Embryo 9",18
"Zebrafish","Embryo",38,"Zebrafish Embryo 9",18
"Zebrafish","Embryo",40.1,"Zebrafish Embryo 9",18
"Zebrafish","Embryo",39.6,"Zebrafish Embryo 9",18
"Zebrafish","Embryo",39.3,"Zebrafish Embryo 9",18
"Zebrafish","Embryo",38.4,"Zebrafish Embryo 9",18
"Zebrafish","Immature",40.4,"Zebrafish Immature 1",18
"Zebrafish","Immature",40.5,"Zebrafish Immature 1",18
"Zebrafish","Immature",40.7,"Zebrafish Immature 1",18
"Zebrafish","Immature",40.7,"Zebrafish Immature 1",18
"Zebrafish","Immature",41.3,"Zebrafish Immature 1",18
"Zebrafish","Immature",41.5,"Zebrafish Immature 1",18
"Zebrafish","Immature",41.6,"Zebrafish Immature 1",18
"Zebrafish","Immature",41.6,"Zebrafish Immature 1",18
"Zebrafish","Immature",41.6,"Zebrafish Immature 1",18
"Zebrafish","Immature",41.6,"Zebrafish Immature 1",18
"Zebrafish","Immature",41.6,"Zebrafish Immature 1",18
"Zebrafish","Immature",41.6,"Zebrafish Immature 1",18
"Zebrafish","Immature",40.4,"Zebrafish Immature 2",18
"Zebrafish","Immature",40.9,"Zebrafish Immature 2",18
"Zebrafish","Immature",40.9,"Zebrafish Immature 2",18
"Zebrafish","Immature",41.3,"Zebrafish Immature 2",18
"Zebrafish","Immature",41.4,"Zebrafish Immature 2",18
"Zebrafish","Immature",41.4,"Zebrafish Immature 2",18
"Zebrafish","Immature",41.5,"Zebrafish Immature 2",18
"Zebrafish","Immature",41.5,"Zebrafish Immature 2",18
"Zebrafish","Immature",41.5,"Zebrafish Immature 2",18
"Zebrafish","Immature",41.5,"Zebrafish Immature 2",18
"Zebrafish","Immature",41.6,"Zebrafish Immature 2",18
"Zebrafish","Immature",41.6,"Zebrafish Immature 2",18
"Zebrafish","Immature",40.4,"Zebrafish Immature 3",18
"Zebrafish","Immature",40.5,"Zebrafish Immature 3",18
"Zebrafish","Immature",40.5,"Zebrafish Immature 3",18
"Zebrafish","Immature",40.6,"Zebrafish Immature 3",18
"Zebrafish","Immature",40.6,"Zebrafish Immature 3",18
"Zebrafish","Immature",40.8,"Zebrafish Immature 3",18
"Zebrafish","Immature",40.9,"Zebrafish Immature 3",18
"Zebrafish","Immature",41,"Zebrafish Immature 3",18
"Zebrafish","Immature",41.1,"Zebrafish Immature 3",18
"Zebrafish","Immature",41.1,"Zebrafish Immature 3",18
"Zebrafish","Immature",41.4,"Zebrafish Immature 3",18
"Zebrafish","Immature",41.5,"Zebrafish Immature 3",18
"Zebrafish","Immature",40.9,"Zebrafish Immature 4",18
"Zebrafish","Immature",41.1,"Zebrafish Immature 4",18
"Zebrafish","Immature",41.1,"Zebrafish Immature 4",18
"Zebrafish","Immature",41.2,"Zebrafish Immature 4",18
"Zebrafish","Immature",41.3,"Zebrafish Immature 4",18
"Zebrafish","Immature",41.3,"Zebrafish Immature 4",18
"Zebrafish","Immature",41.4,"Zebrafish Immature 4",18
"Zebrafish","Immature",41.4,"Zebrafish Immature 4",18
"Zebrafish","Immature",41.4,"Zebrafish Immature 4",18
"Zebrafish","Immature",41.4,"Zebrafish Immature 4",18
"Zebrafish","Immature",41.4,"Zebrafish Immature 4",18
"Zebrafish","Immature",41.6,"Zebrafish Immature 4",18
"Zebrafish","Larva",41.3,"Zebrafish Larva 1",18
"Zebrafish","Larva",41.6,"Zebrafish Larva 1",18
"Zebrafish","Larva",41.7,"Zebrafish Larva 1",18
"Zebrafish","Larva",41.8,"Zebrafish Larva 1",18
"Zebrafish","Larva",41.8,"Zebrafish Larva 1",18
"Zebrafish","Larva",41.9,"Zebrafish Larva 1",18
"Zebrafish","Larva",42,"Zebrafish Larva 1",18
"Zebrafish","Larva",42.1,"Zebrafish Larva 1",18
"Zebrafish","Larva",42.1,"Zebrafish Larva 1",18
"Zebrafish","Larva",42.2,"Zebrafish Larva 1",18
"Zebrafish","Larva",42.2,"Zebrafish Larva 1",18
"Zebrafish","Larva",42.3,"Zebrafish Larva 1",18
"Zebrafish","Larva",41.3,"Zebrafish Larva 2",18
"Zebrafish","Larva",41.3,"Zebrafish Larva 2",18
"Zebrafish","Larva",41.3,"Zebrafish Larva 2",18
"Zebrafish","Larva",41.3,"Zebrafish Larva 2",18
"Zebrafish","Larva",41.3,"Zebrafish Larva 2",18
"Zebrafish","Larva",41.4,"Zebrafish Larva 2",18
"Zebrafish","Larva",41.4,"Zebrafish Larva 2",18
"Zebrafish","Larva",41.5,"Zebrafish Larva 2",18
"Zebrafish","Larva",41.5,"Zebrafish Larva 2",18
"Zebrafish","Larva",41.5,"Zebrafish Larva 2",18
"Zebrafish","Larva",41.6,"Zebrafish Larva 2",18
"Zebrafish","Larva",41.6,"Zebrafish Larva 2",18
"Zebrafish","Larva",40.4,"Zebrafish Larva 3",18
"Zebrafish","Larva",40.7,"Zebrafish Larva 3",18
"Zebrafish","Larva",40.7,"Zebrafish Larva 3",18
"Zebrafish","Larva",40.8,"Zebrafish Larva 3",18
"Zebrafish","Larva",40.9,"Zebrafish Larva 3",18
"Zebrafish","Larva",40.9,"Zebrafish Larva 3",18
"Zebrafish","Larva",41,"Zebrafish Larva 3",18
"Zebrafish","Larva",41,"Zebrafish Larva 3",18
"Zebrafish","Larva",41,"Zebrafish Larva 3",18
"Zebrafish","Larva",41.2,"Zebrafish Larva 3",18
"Zebrafish","Larva",41.3,"Zebrafish Larva 3",18
"Zebrafish","Larva",41.3,"Zebrafish Larva 3",18
"Zebrafish","Larva",40.5,"Zebrafish Larva 4",18
"Zebrafish","Larva",40.7,"Zebrafish Larva 4",18
"Zebrafish","Larva",40.7,"Zebrafish Larva 4",18
"Zebrafish","Larva",40.9,"Zebrafish Larva 4",18
"Zebrafish","Larva",41,"Zebrafish Larva 4",18
"Zebrafish","Larva",41.1,"Zebrafish Larva 4",18
"Zebrafish","Larva",41.1,"Zebrafish Larva 4",18
"Zebrafish","Larva",41.3,"Zebrafish Larva 4",18
"Zebrafish","Larva",41.4,"Zebrafish Larva 4",18
"Zebrafish","Larva",41.6,"Zebrafish Larva 4",18
"Zebrafish","Larva",41.6,"Zebrafish Larva 4",18
"Zebrafish","Larva",41.7,"Zebrafish Larva 4",18
"Zebrafish","Spawner",40.3,"Zebrafish Spawner 1",18
"Zebrafish","Spawner",40.8,"Zebrafish Spawner 1",18
"Zebrafish","Spawner",40.9,"Zebrafish Spawner 1",18
"Zebrafish","Spawner",40.9,"Zebrafish Spawner 1",18
"Zebrafish","Spawner",41,"Zebrafish Spawner 1",18
"Zebrafish","Spawner",41,"Zebrafish Spawner 1",18
"Zebrafish","Spawner",41.1,"Zebrafish Spawner 1",18
"Zebrafish","Spawner",41.2,"Zebrafish Spawner 1",18
"Zebrafish","Spawner",41.3,"Zebrafish Spawner 1",18
"Zebrafish","Spawner",41.3,"Zebrafish Spawner 1",18
"Zebrafish","Spawner",41.4,"Zebrafish Spawner 1",18
"Zebrafish","Spawner",40.8,"Zebrafish Spawner 2",18
"Zebrafish","Spawner",41,"Zebrafish Spawner 2",18
"Zebrafish","Spawner",41.1,"Zebrafish Spawner 2",18
"Zebrafish","Spawner",41.1,"Zebrafish Spawner 2",18
"Zebrafish","Spawner",41.2,"Zebrafish Spawner 2",18
"Zebrafish","Spawner",41.2,"Zebrafish Spawner 2",18
"Zebrafish","Spawner",41.2,"Zebrafish Spawner 2",18
"Zebrafish","Spawner",41.3,"Zebrafish Spawner 2",18
"Zebrafish","Spawner",41.3,"Zebrafish Spawner 2",18
"Zebrafish","Spawner",41.4,"Zebrafish Spawner 2",18
"Zebrafish","Spawner",41.6,"Zebrafish Spawner 2",18
"Zebrafish","Spawner",41.6,"Zebrafish Spawner 2",18
"Zebrafish","Spawner",40,"Zebrafish Spawner 3",18
"Zebrafish","Spawner",40.3,"Zebrafish Spawner 3",18
"Zebrafish","Spawner",40.6,"Zebrafish Spawner 3",18
"Zebrafish","Spawner",40.8,"Zebrafish Spawner 3",18
"Zebrafish","Spawner",41,"Zebrafish Spawner 3",18
"Zebrafish","Spawner",41,"Zebrafish Spawner 3",18
"Zebrafish","Spawner",41.1,"Zebrafish Spawner 3",18
"Zebrafish","Spawner",41.2,"Zebrafish Spawner 3",18
"Zebrafish","Spawner",41.2,"Zebrafish Spawner 3",18
"Zebrafish","Spawner",41.2,"Zebrafish Spawner 3",18
"Zebrafish","Spawner",41.2,"Zebrafish Spawner 3",18
"Zebrafish","Spawner",41.2,"Zebrafish Spawner 3",18
"Zebrafish","Spawner",40.4,"Zebrafish Spawner 4",18
"Zebrafish","Spawner",40.5,"Zebrafish Spawner 4",18
"Zebrafish","Spawner",40.7,"Zebrafish Spawner 4",18
"Zebrafish","Spawner",40.8,"Zebrafish Spawner 4",18
"Zebrafish","Spawner",40.9,"Zebrafish Spawner 4",18
"Zebrafish","Spawner",41,"Zebrafish Spawner 4",18
"Zebrafish","Spawner",41,"Zebrafish Spawner 4",18
"Zebrafish","Spawner",41.1,"Zebrafish Spawner 4",18
"Zebrafish","Spawner",41.2,"Zebrafish Spawner 4",18
"Zebrafish","Spawner",41.3,"Zebrafish Spawner 4",18
"Zebrafish","Spawner",41.3,"Zebrafish Spawner 4",18
"Zebrafish","Spawner",41.4,"Zebrafish Spawner 4",18
"Zebrafish","Spawner",41.6,"Zebrafish Spawner 4",18
"Two_spot_goby","Spawner",26.75,"Two_spot_goby Spawner 1",18
"Two_spot_goby","Spawner",27.07,"Two_spot_goby Spawner 1",18
"Two_spot_goby","Spawner",27.3,"Two_spot_goby Spawner 1",18
"Two_spot_goby","Spawner",27.47,"Two_spot_goby Spawner 1",18
"Two_spot_goby","Spawner",28.09,"Two_spot_goby Spawner 1",18
"Two_spot_goby","Spawner",28.47,"Two_spot_goby Spawner 1",18
"Two_spot_goby","Spawner",28.58,"Two_spot_goby Spawner 1",18
"Two_spot_goby","Spawner",28.98,"Two_spot_goby Spawner 1",18
"Two_spot_goby","Spawner",29.44,"Two_spot_goby Spawner 1",18
"Two_spot_goby","Spawner",29.48,"Two_spot_goby Spawner 1",18
"Two_spot_goby","Spawner",25.37,"Two_spot_goby Spawner 2",18
"Two_spot_goby","Spawner",26.11,"Two_spot_goby Spawner 2",18
"Two_spot_goby","Spawner",26.58,"Two_spot_goby Spawner 2",18
"Two_spot_goby","Spawner",26.8,"Two_spot_goby Spawner 2",18
"Two_spot_goby","Spawner",26.99,"Two_spot_goby Spawner 2",18
"Two_spot_goby","Spawner",27.04,"Two_spot_goby Spawner 2",18
"Two_spot_goby","Spawner",27.19,"Two_spot_goby Spawner 2",18
"Two_spot_goby","Spawner",27.64,"Two_spot_goby Spawner 2",18
"Two_spot_goby","Spawner",28.56,"Two_spot_goby Spawner 2",18
"Two_spot_goby","Spawner",29.69,"Two_spot_goby Spawner 2",18
"Two_spot_goby","Spawner",26.23,"Two_spot_goby Spawner 3",18
"Two_spot_goby","Spawner",26.36,"Two_spot_goby Spawner 3",18
"Two_spot_goby","Spawner",26.55,"Two_spot_goby Spawner 3",18
"Two_spot_goby","Spawner",26.86,"Two_spot_goby Spawner 3",18
"Two_spot_goby","Spawner",26.92,"Two_spot_goby Spawner 3",18
"Two_spot_goby","Spawner",27.24,"Two_spot_goby Spawner 3",18
"Two_spot_goby","Spawner",27.51,"Two_spot_goby Spawner 3",18
"Two_spot_goby","Spawner",27.96,"Two_spot_goby Spawner 3",18
"Two_spot_goby","Spawner",28.24,"Two_spot_goby Spawner 3",18
"Two_spot_goby","Spawner",28.94,"Two_spot_goby Spawner 3",18
"Two_spot_goby","Embryo",29.2,"Two_spot_goby Embryo 1",18
"Two_spot_goby","Embryo",31.079,"Two_spot_goby Embryo 1",18
"Two_spot_goby","Embryo",29.772,"Two_spot_goby Embryo 1",18
"Two_spot_goby","Embryo",31.614,"Two_spot_goby Embryo 1",18
"Two_spot_goby","Embryo",29.614,"Two_spot_goby Embryo 1",18
"Two_spot_goby","Embryo",29.161,"Two_spot_goby Embryo 1",18
"Two_spot_goby","Embryo",31.679,"Two_spot_goby Embryo 1",18
"Two_spot_goby","Embryo",31.587,"Two_spot_goby Embryo 1",18
"Two_spot_goby","Embryo",29.392,"Two_spot_goby Embryo 1",18
"Two_spot_goby","Embryo",32.214,"Two_spot_goby Embryo 1",18
"Two_spot_goby","Embryo",31.448,"Two_spot_goby Embryo 1",18
"Two_spot_goby","Embryo",30.604,"Two_spot_goby Embryo 1",18
"Two_spot_goby","Embryo",32.538,"Two_spot_goby Embryo 1",18
"Two_spot_goby","Embryo",30.881,"Two_spot_goby Embryo 1",18
"Two_spot_goby","Embryo",30.932,"Two_spot_goby Embryo 1",18
"Two_spot_goby","Embryo",30.303,"Two_spot_goby Embryo 1",18
"Two_spot_goby","Embryo",32.277,"Two_spot_goby Embryo 1",18
"Two_spot_goby","Embryo",29.418,"Two_spot_goby Embryo 2",18
"Two_spot_goby","Embryo",30.083,"Two_spot_goby Embryo 2",18
"Two_spot_goby","Embryo",30.501,"Two_spot_goby Embryo 2",18
"Two_spot_goby","Embryo",31.286,"Two_spot_goby Embryo 2",18
"Two_spot_goby","Embryo",30.602,"Two_spot_goby Embryo 2",18
"Two_spot_goby","Embryo",30.669,"Two_spot_goby Embryo 2",18
"Two_spot_goby","Embryo",30.013,"Two_spot_goby Embryo 2",18
"Two_spot_goby","Embryo",31.864,"Two_spot_goby Embryo 2",18
"Two_spot_goby","Embryo",28.189,"Two_spot_goby Embryo 2",18
"Two_spot_goby","Embryo",29.317,"Two_spot_goby Embryo 2",18
"Two_spot_goby","Embryo",30.91,"Two_spot_goby Embryo 2",18
"Two_spot_goby","Embryo",30.882,"Two_spot_goby Embryo 2",18
"Two_spot_goby","Embryo",29.816,"Two_spot_goby Embryo 2",18
"Two_spot_goby","Embryo",32.14,"Two_spot_goby Embryo 4",18
"Two_spot_goby","Embryo",31.831,"Two_spot_goby Embryo 4",18
"Two_spot_goby","Embryo",32.143,"Two_spot_goby Embryo 4",18
"Two_spot_goby","Embryo",29.833,"Two_spot_goby Embryo 4",18
"Two_spot_goby","Embryo",31.936,"Two_spot_goby Embryo 4",18
"Two_spot_goby","Embryo",27.686,"Two_spot_goby Embryo 4",18
"Two_spot_goby","Embryo",29.152,"Two_spot_goby Embryo 4",18
"Two_spot_goby","Embryo",32.156,"Two_spot_goby Embryo 4",18
"Two_spot_goby","Embryo",30.486,"Two_spot_goby Embryo 4",18
"Two_spot_goby","Embryo",27.727,"Two_spot_goby Embryo 4",18
"Two_spot_goby","Embryo",30.921,"Two_spot_goby Embryo 4",18
"Two_spot_goby","Embryo",30.891,"Two_spot_goby Embryo 4",18
"Two_spot_goby","Embryo",30.386,"Two_spot_goby Embryo 4",18
"Two_spot_goby","Embryo",28.521,"Two_spot_goby Embryo 4",18
"Two_spot_goby","Embryo",28.844,"Two_spot_goby Embryo 4",18
"Two_spot_goby","Embryo",31.018,"Two_spot_goby Embryo 4",18
"Two_spot_goby","Embryo",30.321,"Two_spot_goby Embryo 4",18
"Two_spot_goby","Embryo",32.149,"Two_spot_goby Embryo 4",18
"Two_spot_goby","Embryo",31.15,"Two_spot_goby Embryo 5",18
"Two_spot_goby","Embryo",31.15,"Two_spot_goby Embryo 5",18
"Two_spot_goby","Embryo",29.63,"Two_spot_goby Embryo 5",18
"Two_spot_goby","Embryo",30.056,"Two_spot_goby Embryo 5",18
"Two_spot_goby","Embryo",31.241,"Two_spot_goby Embryo 5",18
"Two_spot_goby","Embryo",30.885,"Two_spot_goby Embryo 5",18
"Two_spot_goby","Embryo",30.646,"Two_spot_goby Embryo 5",18
"Two_spot_goby","Embryo",29.986,"Two_spot_goby Embryo 5",18
"Two_spot_goby","Embryo",31.024,"Two_spot_goby Embryo 5",18
"Two_spot_goby","Embryo",31.233,"Two_spot_goby Embryo 5",18
"Two_spot_goby","Embryo",30.863,"Two_spot_goby Embryo 5",18
"Two_spot_goby","Embryo",30.842,"Two_spot_goby Embryo 5",18
"Two_spot_goby","Embryo",31.593,"Two_spot_goby Embryo 5",18
"Two_spot_goby","Embryo",31.042,"Two_spot_goby Embryo 5",18
"Two_spot_goby","Embryo",29.747,"Two_spot_goby Embryo 6",18
"Two_spot_goby","Embryo",29.968,"Two_spot_goby Embryo 6",18
"Two_spot_goby","Embryo",30.337,"Two_spot_goby Embryo 6",18
"Two_spot_goby","Embryo",30.192,"Two_spot_goby Embryo 6",18
"Two_spot_goby","Embryo",29.969,"Two_spot_goby Embryo 6",18
"Two_spot_goby","Embryo",30.273,"Two_spot_goby Embryo 6",18
"Two_spot_goby","Embryo",30.826,"Two_spot_goby Embryo 6",18
"Two_spot_goby","Embryo",29.969,"Two_spot_goby Embryo 6",18
"Two_spot_goby","Embryo",31.124,"Two_spot_goby Embryo 6",18
"Two_spot_goby","Embryo",30.907,"Two_spot_goby Embryo 6",18
"Two_spot_goby","Embryo",30.262,"Two_spot_goby Embryo 6",18
"Two_spot_goby","Embryo",29.518,"Two_spot_goby Embryo 6",18
"Two_spot_goby","Embryo",30.781,"Two_spot_goby Embryo 6",18
"Two_spot_goby","Embryo",29.271,"Two_spot_goby Embryo 6",18
"Two_spot_goby","Embryo",29.838,"Two_spot_goby Embryo 6",18
"Two_spot_goby","Embryo",28.532,"Two_spot_goby Embryo 6",18
"Two_spot_goby","Embryo",29.194,"Two_spot_goby Embryo 6",18
"Two_spot_goby","Embryo",30.745,"Two_spot_goby Embryo 6",18
"Two_spot_goby","Embryo",31.125,"Two_spot_goby Embryo 6",18
"Two_spot_goby","Immature",28,"Two_spot_goby Immature 1",18
"Two_spot_goby","Immature",28.7,"Two_spot_goby Immature 1",18
"Two_spot_goby","Immature",28.9,"Two_spot_goby Immature 1",18
"Two_spot_goby","Immature",30.7,"Two_spot_goby Immature 1",18
"Two_spot_goby","Immature",30.8,"Two_spot_goby Immature 1",18
"Two_spot_goby","Immature",30.8,"Two_spot_goby Immature 1",18
"Two_spot_goby","Immature",30.9,"Two_spot_goby Immature 1",18
"Two_spot_goby","Immature",30.9,"Two_spot_goby Immature 1",18
"Two_spot_goby","Immature",30.9,"Two_spot_goby Immature 1",18
"Two_spot_goby","Immature",30.9,"Two_spot_goby Immature 1",18
"Two_spot_goby","Immature",30.9,"Two_spot_goby Immature 1",18
"Two_spot_goby","Immature",30.9,"Two_spot_goby Immature 1",18
"Two_spot_goby","Immature",30.9,"Two_spot_goby Immature 1",18
"Two_spot_goby","Immature",26.4,"Two_spot_goby Immature 2",18
"Two_spot_goby","Immature",26.8,"Two_spot_goby Immature 2",18
"Two_spot_goby","Immature",27.2,"Two_spot_goby Immature 2",18
"Two_spot_goby","Immature",27.7,"Two_spot_goby Immature 2",18
"Two_spot_goby","Immature",27.9,"Two_spot_goby Immature 2",18
"Two_spot_goby","Immature",28,"Two_spot_goby Immature 2",18
"Two_spot_goby","Immature",28.4,"Two_spot_goby Immature 2",18
"Two_spot_goby","Immature",28.9,"Two_spot_goby Immature 2",18
"Two_spot_goby","Immature",29.1,"Two_spot_goby Immature 2",18
"Two_spot_goby","Immature",29.1,"Two_spot_goby Immature 2",18
"Two_spot_goby","Immature",29.3,"Two_spot_goby Immature 2",18
"Two_spot_goby","Immature",29.5,"Two_spot_goby Immature 2",18
"Two_spot_goby","Immature",29.6,"Two_spot_goby Immature 2",18
"Two_spot_goby","Immature",29.6,"Two_spot_goby Immature 2",18
"Two_spot_goby","Immature",29.6,"Two_spot_goby Immature 2",18
"Two_spot_goby","Immature",29.8,"Two_spot_goby Immature 2",18
"Two_spot_goby","Immature",30,"Two_spot_goby Immature 2",18
"Two_spot_goby","Larva",28.98,"Two_spot_goby Larva 1",18
"Two_spot_goby","Larva",29.65,"Two_spot_goby Larva 1",18
"Two_spot_goby","Larva",29.94,"Two_spot_goby Larva 1",18
"Two_spot_goby","Larva",30.07,"Two_spot_goby Larva 1",18
"Two_spot_goby","Larva",30.29,"Two_spot_goby Larva 1",18
"Two_spot_goby","Larva",30.43,"Two_spot_goby Larva 1",18
"Two_spot_goby","Larva",30.44,"Two_spot_goby Larva 1",18
"Two_spot_goby","Larva",30.49,"Two_spot_goby Larva 1",18
"Two_spot_goby","Larva",30.64,"Two_spot_goby Larva 1",18
"Two_spot_goby","Larva",30.78,"Two_spot_goby Larva 1",18
"Two_spot_goby","Larva",30.78,"Two_spot_goby Larva 1",18
"Two_spot_goby","Larva",28.24,"Two_spot_goby Larva 2",18
"Two_spot_goby","Larva",28.32,"Two_spot_goby Larva 2",18
"Two_spot_goby","Larva",28.55,"Two_spot_goby Larva 2",18
"Two_spot_goby","Larva",28.73,"Two_spot_goby Larva 2",18
"Two_spot_goby","Larva",29.03,"Two_spot_goby Larva 2",18
"Two_spot_goby","Larva",29.31,"Two_spot_goby Larva 2",18
"Two_spot_goby","Larva",29.39,"Two_spot_goby Larva 2",18
"Two_spot_goby","Larva",29.94,"Two_spot_goby Larva 2",18
"Two_spot_goby","Larva",30.45,"Two_spot_goby Larva 2",18
"Two_spot_goby","Larva",30.64,"Two_spot_goby Larva 2",18
"Two_spot_goby","Larva",28.58,"Two_spot_goby Larva 3",18
"Two_spot_goby","Larva",29.95,"Two_spot_goby Larva 3",18
"Two_spot_goby","Larva",29.98,"Two_spot_goby Larva 3",18
"Two_spot_goby","Larva",30.01,"Two_spot_goby Larva 3",18
"Two_spot_goby","Larva",30.19,"Two_spot_goby Larva 3",18
"Two_spot_goby","Larva",30.26,"Two_spot_goby Larva 3",18
"Two_spot_goby","Larva",30.42,"Two_spot_goby Larva 3",18
"Two_spot_goby","Larva",30.52,"Two_spot_goby Larva 3",18
"Two_spot_goby","Larva",30.55,"Two_spot_goby Larva 3",18
"Two_spot_goby","Larva",28.26,"Two_spot_goby Larva 4",18
"Two_spot_goby","Larva",29.19,"Two_spot_goby Larva 4",18
"Two_spot_goby","Larva",29.27,"Two_spot_goby Larva 4",18
"Two_spot_goby","Larva",29.38,"Two_spot_goby Larva 4",18
"Two_spot_goby","Larva",29.58,"Two_spot_goby Larva 4",18
"Two_spot_goby","Larva",29.58,"Two_spot_goby Larva 4",18
"Two_spot_goby","Larva",29.71,"Two_spot_goby Larva 4",18
"Two_spot_goby","Larva",29.77,"Two_spot_goby Larva 4",18
"Two_spot_goby","Larva",29.89,"Two_spot_goby Larva 4",18
"Two_spot_goby","Larva",30.19,"Two_spot_goby Larva 4",18
"Two_spot_goby","Larva",30.26,"Two_spot_goby Larva 4",18
"Two_spot_goby","Larva",27.23,"Two_spot_goby Larva 5",18
"Two_spot_goby","Larva",29.11,"Two_spot_goby Larva 5",18
"Two_spot_goby","Larva",29.34,"Two_spot_goby Larva 5",18
"Two_spot_goby","Larva",29.48,"Two_spot_goby Larva 5",18
"Two_spot_goby","Larva",29.71,"Two_spot_goby Larva 5",18
"Two_spot_goby","Larva",29.89,"Two_spot_goby Larva 5",18
"Two_spot_goby","Larva",29.97,"Two_spot_goby Larva 5",18
"Two_spot_goby","Larva",30.08,"Two_spot_goby Larva 5",18
"Two_spot_goby","Larva",30.09,"Two_spot_goby Larva 5",18
"Two_spot_goby","Larva",30.09,"Two_spot_goby Larva 5",18
"Two_spot_goby","Larva",20.68,"Two_spot_goby Larva 6",18
"Two_spot_goby","Larva",28.94,"Two_spot_goby Larva 6",18
"Two_spot_goby","Larva",29.03,"Two_spot_goby Larva 6",18
"Two_spot_goby","Larva",29.25,"Two_spot_goby Larva 6",18
"Two_spot_goby","Larva",29.27,"Two_spot_goby Larva 6",18
"Two_spot_goby","Larva",29.29,"Two_spot_goby Larva 6",18
"Two_spot_goby","Larva",29.49,"Two_spot_goby Larva 6",18
"Two_spot_goby","Larva",29.62,"Two_spot_goby Larva 6",18
"Two_spot_goby","Larva",29.78,"Two_spot_goby Larva 6",18
"Two_spot_goby","Larva",30.21,"Two_spot_goby Larva 6",18
"Sand_goby","Embryo",26.824,"Sand_goby Embryo 1",18
"Sand_goby","Embryo",28.187,"Sand_goby Embryo 1",18
"Sand_goby","Embryo",29.96,"Sand_goby Embryo 1",18
"Sand_goby","Embryo",29.7775,"Sand_goby Embryo 1",18
"Sand_goby","Embryo",31.762,"Sand_goby Embryo 1",18
"Sand_goby","Embryo",30.812,"Sand_goby Embryo 1",18
"Sand_goby","Embryo",31.3,"Sand_goby Embryo 1",18
"Sand_goby","Embryo",31.647,"Sand_goby Embryo 1",18
"Sand_goby","Embryo",31.509,"Sand_goby Embryo 1",18
"Sand_goby","Embryo",32.041,"Sand_goby Embryo 1",18
"Sand_goby","Embryo",26.766,"Sand_goby Embryo 2",18
"Sand_goby","Embryo",28.661,"Sand_goby Embryo 2",18
"Sand_goby","Embryo",26.305,"Sand_goby Embryo 2",18
"Sand_goby","Embryo",30.362,"Sand_goby Embryo 2",18
"Sand_goby","Embryo",27.158,"Sand_goby Embryo 2",18
"Sand_goby","Embryo",27.339,"Sand_goby Embryo 2",18
"Sand_goby","Embryo",27.466,"Sand_goby Embryo 2",18
"Sand_goby","Embryo",27.221,"Sand_goby Embryo 2",18
"Sand_goby","Embryo",31.41,"Sand_goby Embryo 2",18
"Sand_goby","Embryo",29.67,"Sand_goby Embryo 2",18
"Sand_goby","Embryo",27.5015,"Sand_goby Embryo 2",18
"Sand_goby","Embryo",24.8485,"Sand_goby Embryo 3",18
"Sand_goby","Embryo",28.394,"Sand_goby Embryo 3",18
"Sand_goby","Embryo",28.31,"Sand_goby Embryo 3",18
"Sand_goby","Embryo",29.857,"Sand_goby Embryo 3",18
"Sand_goby","Embryo",27.71,"Sand_goby Embryo 3",18
"Sand_goby","Embryo",27.466,"Sand_goby Embryo 3",18
"Sand_goby","Embryo",26.528,"Sand_goby Embryo 3",18
"Sand_goby","Embryo",30.276,"Sand_goby Embryo 3",18
"Sand_goby","Embryo",29.418,"Sand_goby Embryo 3",18
"Sand_goby","Embryo",29.3105,"Sand_goby Embryo 3",18
"Sand_goby","Embryo",28.493,"Sand_goby Embryo 3",18
"Sand_goby","Embryo",27.976,"Sand_goby Embryo 3",18
"Sand_goby","Embryo",27.323,"Sand_goby Embryo 3",18
"Sand_goby","Embryo",27.5565,"Sand_goby Embryo 3",18
"Sand_goby","Embryo",31.261,"Sand_goby Embryo 4",18
"Sand_goby","Embryo",31.296,"Sand_goby Embryo 4",18
"Sand_goby","Embryo",31.16,"Sand_goby Embryo 4",18
"Sand_goby","Embryo",30.981,"Sand_goby Embryo 4",18
"Sand_goby","Embryo",30.852,"Sand_goby Embryo 4",18
"Sand_goby","Embryo",31.525,"Sand_goby Embryo 4",18
"Sand_goby","Embryo",27.209,"Sand_goby Embryo 4",18
"Sand_goby","Embryo",27.638,"Sand_goby Embryo 4",18
"Sand_goby","Embryo",27.94,"Sand_goby Embryo 4",18
"Sand_goby","Embryo",26.6685,"Sand_goby Embryo 4",18
"Sand_goby","Embryo",28.2505,"Sand_goby Embryo 4",18
"Sand_goby","Embryo",27.383,"Sand_goby Embryo 4",18
"Sand_goby","Embryo",27.2195,"Sand_goby Embryo 4",18
"Sand_goby","Embryo",30.211,"Sand_goby Embryo 4",18
"Sand_goby","Embryo",30.898,"Sand_goby Embryo 4",18
"Sand_goby","Embryo",31.0175,"Sand_goby Embryo 4",18
"Sand_goby","Embryo",32.424,"Sand_goby Embryo 5",18
"Sand_goby","Embryo",31.7655,"Sand_goby Embryo 5",18
"Sand_goby","Embryo",27.352,"Sand_goby Embryo 5",18
"Sand_goby","Embryo",26.9295,"Sand_goby Embryo 5",18
"Sand_goby","Embryo",28.974,"Sand_goby Embryo 5",18
"Sand_goby","Embryo",30.165,"Sand_goby Embryo 5",18
"Sand_goby","Embryo",31.121,"Sand_goby Embryo 5",18
"Sand_goby","Embryo",32.2825,"Sand_goby Embryo 5",18
"Sand_goby","Embryo",32.557,"Sand_goby Embryo 5",18
"Sand_goby","Embryo",30.921,"Sand_goby Embryo 5",18
"Sand_goby","Embryo",32.5065,"Sand_goby Embryo 5",18
"Sand_goby","Embryo",30.996,"Sand_goby Embryo 5",18
"Sand_goby","Embryo",30.521,"Sand_goby Embryo 5",18
"Sand_goby","Embryo",31.657,"Sand_goby Embryo 5",18
"Sand_goby","Embryo",30.9615,"Sand_goby Embryo 5",18
"Sand_goby","Embryo",30.0075,"Sand_goby Embryo 6",18
"Sand_goby","Embryo",28.5085,"Sand_goby Embryo 6",18
"Sand_goby","Embryo",26.406,"Sand_goby Embryo 6",18
"Sand_goby","Embryo",30.507,"Sand_goby Embryo 6",18
"Sand_goby","Embryo",30.657,"Sand_goby Embryo 6",18
"Sand_goby","Embryo",28.696,"Sand_goby Embryo 6",18
"Sand_goby","Embryo",30.076,"Sand_goby Embryo 6",18
"Sand_goby","Embryo",27.357,"Sand_goby Embryo 6",18
"Sand_goby","Embryo",27.449,"Sand_goby Embryo 6",18
"Sand_goby","Embryo",28.24,"Sand_goby Embryo 6",18
"Sand_goby","Embryo",30.23,"Sand_goby Embryo 6",18
"Sand_goby","Embryo",27.667,"Sand_goby Embryo 6",18
"Sand_goby","Embryo",26.566,"Sand_goby Embryo 6",18
"Sand_goby","Embryo",27.538,"Sand_goby Embryo 6",18
"Sand_goby","Embryo",26.386,"Sand_goby Embryo 6",18
"Sand_goby","Embryo",32.749,"Sand_goby Embryo 7",18
"Sand_goby","Embryo",32.353,"Sand_goby Embryo 7",18
"Sand_goby","Embryo",31.809,"Sand_goby Embryo 7",18
"Sand_goby","Embryo",32.1895,"Sand_goby Embryo 7",18
"Sand_goby","Embryo",32.387,"Sand_goby Embryo 7",18
"Sand_goby","Embryo",31.435,"Sand_goby Embryo 7",18
"Sand_goby","Embryo",32.8145,"Sand_goby Embryo 7",18
"Sand_goby","Embryo",30.089,"Sand_goby Embryo 7",18
"Sand_goby","Embryo",32.6,"Sand_goby Embryo 7",18
"Sand_goby","Embryo",32.517,"Sand_goby Embryo 7",18
"Sand_goby","Embryo",25.0575,"Sand_goby Embryo 7",18
"Sand_goby","Embryo",32.4685,"Sand_goby Embryo 7",18
"Sand_goby","Embryo",33.248,"Sand_goby Embryo 7",18
"Sand_goby","Embryo",21.167,"Sand_goby Embryo 8",18
"Sand_goby","Embryo",33.1795,"Sand_goby Embryo 8",18
"Sand_goby","Embryo",31.3545,"Sand_goby Embryo 8",18
"Sand_goby","Embryo",26.568,"Sand_goby Embryo 8",18
"Sand_goby","Embryo",31.836,"Sand_goby Embryo 8",18
"Sand_goby","Embryo",20.461,"Sand_goby Embryo 8",18
"Sand_goby","Embryo",19.0355,"Sand_goby Embryo 8",18
"Sand_goby","Embryo",33.0265,"Sand_goby Embryo 8",18
"Sand_goby","Embryo",33.375,"Sand_goby Embryo 8",18
"Sand_goby","Embryo",32.335,"Sand_goby Embryo 8",18
"Sand_goby","Embryo",30.525765,"Sand_goby Embryo 8",18
"Sand_goby","Embryo",33.2145,"Sand_goby Embryo 8",18
"Sand_goby","Embryo",33.4945,"Sand_goby Embryo 8",18
"Sand_goby","Embryo",31.718,"Sand_goby Embryo 8",18
"Sand_goby","Embryo",32.7,"Sand_goby Embryo 8",18
"Sand_goby","Embryo",33.39,"Sand_goby Embryo 8",18
"Sand_goby","Embryo",28.617,"Sand_goby Embryo 8",18
"Sand_goby","Embryo",27.9875,"Sand_goby Embryo 8",18
"Sand_goby","Immature",26.56,"Sand_goby Immature 4",18
"Sand_goby","Immature",28.19,"Sand_goby Immature 4",18
"Sand_goby","Immature",28.37,"Sand_goby Immature 4",18
"Sand_goby","Immature",29.58,"Sand_goby Immature 4",18
"Sand_goby","Larva",20.77,"Sand_goby Larva 1",18
"Sand_goby","Larva",26.25,"Sand_goby Larva 1",18
"Sand_goby","Larva",28.66,"Sand_goby Larva 1",18
"Sand_goby","Larva",29,"Sand_goby Larva 1",18
"Sand_goby","Larva",29.05,"Sand_goby Larva 1",18
"Sand_goby","Larva",29.26,"Sand_goby Larva 1",18
"Sand_goby","Larva",29.48,"Sand_goby Larva 1",18
"Sand_goby","Larva",29.56,"Sand_goby Larva 1",18
"Sand_goby","Larva",29.7,"Sand_goby Larva 1",18
"Sand_goby","Larva",29.73,"Sand_goby Larva 1",18
"Sand_goby","Larva",29.81,"Sand_goby Larva 1",18
"Sand_goby","Larva",23.36,"Sand_goby Larva 2",18
"Sand_goby","Larva",23.65,"Sand_goby Larva 2",18
"Sand_goby","Larva",24.65,"Sand_goby Larva 2",18
"Sand_goby","Larva",27.79,"Sand_goby Larva 2",18
"Sand_goby","Larva",28.07,"Sand_goby Larva 2",18
"Sand_goby","Larva",28.16,"Sand_goby Larva 2",18
"Sand_goby","Larva",28.32,"Sand_goby Larva 2",18
"Sand_goby","Larva",28.7,"Sand_goby Larva 2",18
"Sand_goby","Larva",28.83,"Sand_goby Larva 2",18
"Sand_goby","Larva",28.98,"Sand_goby Larva 2",18
"Sand_goby","Larva",28.96,"Sand_goby Larva 2",18
"Sand_goby","Larva",29.38,"Sand_goby Larva 2",18
"Sand_goby","Larva",29.52,"Sand_goby Larva 2",18
"Sand_goby","Larva",27.82,"Sand_goby Larva 3",18
"Sand_goby","Larva",28.37,"Sand_goby Larva 3",18
"Sand_goby","Larva",28.53,"Sand_goby Larva 3",18
"Sand_goby","Larva",28.67,"Sand_goby Larva 3",18
"Sand_goby","Larva",28.73,"Sand_goby Larva 3",18
"Sand_goby","Larva",28.91,"Sand_goby Larva 3",18
"Sand_goby","Larva",29.95,"Sand_goby Larva 3",18
"Sand_goby","Larva",30.02,"Sand_goby Larva 3",18
"Sand_goby","Larva",30.13,"Sand_goby Larva 3",18
"Sand_goby","Larva",30.21,"Sand_goby Larva 3",18
"Sand_goby","Larva",30.4,"Sand_goby Larva 3",18
"Sand_goby","Larva",16.44,"Sand_goby Larva 4",18
"Sand_goby","Larva",20.98,"Sand_goby Larva 4",18
"Sand_goby","Larva",27.45,"Sand_goby Larva 4",18
"Sand_goby","Larva",27.67,"Sand_goby Larva 4",18
"Sand_goby","Larva",28.8,"Sand_goby Larva 4",18
"Sand_goby","Larva",29.09,"Sand_goby Larva 4",18
"Sand_goby","Larva",29.32,"Sand_goby Larva 4",18
"Sand_goby","Larva",29.78,"Sand_goby Larva 4",18
"Sand_goby","Larva",29.85,"Sand_goby Larva 4",18
"Sand_goby","Larva",30.03,"Sand_goby Larva 4",18
"Sand_goby","Larva",30.03,"Sand_goby Larva 4",18
"Sand_goby","Larva",30.29,"Sand_goby Larva 4",18
"Sand_goby","Larva",30.24,"Sand_goby Larva 4",18
"Sand_goby","Larva",30.33,"Sand_goby Larva 4",18
"Sand_goby","Larva",30.38,"Sand_goby Larva 4",18
"Sand_goby","Larva",27.47,"Sand_goby Larva 5",18
"Sand_goby","Larva",30.01,"Sand_goby Larva 5",18
"Sand_goby","Larva",30.57,"Sand_goby Larva 5",18
"Sand_goby","Larva",30.75,"Sand_goby Larva 5",18
"Sand_goby","Larva",30.94,"Sand_goby Larva 5",18
"Sand_goby","Larva",31,"Sand_goby Larva 5",18
"Sand_goby","Larva",31.13,"Sand_goby Larva 5",18
"Sand_goby","Larva",31.19,"Sand_goby Larva 5",18
"Sand_goby","Larva",31.23,"Sand_goby Larva 5",18
"Sand_goby","Larva",31.35,"Sand_goby Larva 5",18
"Sand_goby","Larva",31.41,"Sand_goby Larva 5",18
"Sand_goby","Larva",31.47,"Sand_goby Larva 5",18
"Sand_goby","Larva",30.51,"Sand_goby Larva 6",18
"Sand_goby","Larva",30.54,"Sand_goby Larva 6",18
"Sand_goby","Larva",30.6,"Sand_goby Larva 6",18
"Sand_goby","Larva",30.83,"Sand_goby Larva 6",18
"Sand_goby","Larva",30.91,"Sand_goby Larva 6",18
"Sand_goby","Larva",31.05,"Sand_goby Larva 6",18
"Sand_goby","Larva",31.07,"Sand_goby Larva 6",18
"Sand_goby","Larva",31.2,"Sand_goby Larva 6",18
"Sand_goby","Larva",31.28,"Sand_goby Larva 6",18
"Sand_goby","Larva",31.34,"Sand_goby Larva 6",18
"Sand_goby","Larva",31.45,"Sand_goby Larva 6",18
"Sand_goby","Larva",31.57,"Sand_goby Larva 6",18
"Sand_goby","Larva",31.66,"Sand_goby Larva 6",18
"Sand_goby","Larva",31.75,"Sand_goby Larva 6",18
"Sand_goby","Spawner",26.46,"Sand_goby Spawner 1",18
"Sand_goby","Spawner",26.52,"Sand_goby Spawner 1",18
"Sand_goby","Spawner",27.05,"Sand_goby Spawner 1",18
"Sand_goby","Spawner",27.31,"Sand_goby Spawner 1",18
"Sand_goby","Spawner",27.52,"Sand_goby Spawner 1",18
"Sand_goby","Spawner",27.78,"Sand_goby Spawner 1",18
"Sand_goby","Spawner",28.22,"Sand_goby Spawner 1",18
"Sand_goby","Spawner",25.05,"Sand_goby Spawner 2",18
"Sand_goby","Spawner",26,"Sand_goby Spawner 2",18
"Sand_goby","Spawner",26.45,"Sand_goby Spawner 2",18
"Sand_goby","Spawner",26.72,"Sand_goby Spawner 2",18
"Sand_goby","Spawner",26.95,"Sand_goby Spawner 2",18
"Sand_goby","Spawner",27.41,"Sand_goby Spawner 2",18
"Sand_goby","Spawner",27.94,"Sand_goby Spawner 2",18
"Sand_goby","Spawner",26.22,"Sand_goby Spawner 3",18
"Sand_goby","Spawner",26.65,"Sand_goby Spawner 3",18
"Sand_goby","Spawner",26.72,"Sand_goby Spawner 3",18
"Sand_goby","Spawner",26.75,"Sand_goby Spawner 3",18
"Sand_goby","Spawner",27.61,"Sand_goby Spawner 3",18
"Sand_goby","Spawner",28.14,"Sand_goby Spawner 3",18
"Sand_goby","Spawner",28.26,"Sand_goby Spawner 3",18
"Sand_goby","Spawner",27.67,"Sand_goby Spawner 4",18
"Sand_goby","Spawner",28.29,"Sand_goby Spawner 4",18
"Sand_goby","Spawner",28.38,"Sand_goby Spawner 4",18
"Sand_goby","Spawner",28.38,"Sand_goby Spawner 4",18
"Sand_goby","Spawner",28.74,"Sand_goby Spawner 4",18
"Sand_goby","Spawner",29.43,"Sand_goby Spawner 4",18
"Sand_goby","Spawner",29.97,"Sand_goby Spawner 4",18
"Black_goby","Embryo",32.64,"Black_goby Embryo 1",18
"Black_goby","Embryo",24.67,"Black_goby Embryo 1",18
"Black_goby","Embryo",34.13,"Black_goby Embryo 1",18
"Black_goby","Embryo",34.68,"Black_goby Embryo 1",18
"Black_goby","Embryo",25.83,"Black_goby Embryo 2",18
"Black_goby","Embryo",31.62,"Black_goby Embryo 2",18
"Black_goby","Embryo",31.62,"Black_goby Embryo 2",18
"Black_goby","Embryo",33.46,"Black_goby Embryo 2",18
"Black_goby","Embryo",33.95,"Black_goby Embryo 3",18
"Black_goby","Embryo",34.38,"Black_goby Embryo 3",18
"Black_goby","Embryo",35.15,"Black_goby Embryo 3",18
"Black_goby","Embryo",33.79,"Black_goby Embryo 3",18
"Black_goby","Embryo",33.17,"Black_goby Embryo 3",18
"Black_goby","Embryo",32.77,"Black_goby Embryo 3",18
"Black_goby","Embryo",32.77,"Black_goby Embryo 3",18
"Black_goby","Embryo",32.93,"Black_goby Embryo 3",18
"Black_goby","Embryo",34.28,"Black_goby Embryo 3",18
"Black_goby","Embryo",31.92,"Black_goby Embryo 4",18
"Black_goby","Embryo",23.24,"Black_goby Embryo 4",18
"Black_goby","Embryo",32.75,"Black_goby Embryo 4",18
"Black_goby","Embryo",30.4,"Black_goby Embryo 4",18
"Black_goby","Embryo",31.21,"Black_goby Embryo 4",18
"Black_goby","Embryo",32.89,"Black_goby Embryo 4",18
"Black_goby","Embryo",33.08,"Black_goby Embryo 4",18
"Black_goby","Embryo",32.62,"Black_goby Embryo 4",18
"Black_goby","Embryo",33.01,"Black_goby Embryo 5",18
"Black_goby","Embryo",32.74,"Black_goby Embryo 5",18
"Black_goby","Embryo",33.48,"Black_goby Embryo 5",18
"Black_goby","Embryo",34.01,"Black_goby Embryo 5",18
"Black_goby","Embryo",33.48,"Black_goby Embryo 5",18
"Black_goby","Embryo",29.56,"Black_goby Embryo 5",18
"Black_goby","Embryo",33.97,"Black_goby Embryo 5",18
"Black_goby","Embryo",31.41,"Black_goby Embryo 5",18
"Black_goby","Embryo",31.83,"Black_goby Embryo 5",18
"Black_goby","Embryo",33.21,"Black_goby Embryo 5",18
"Black_goby","Embryo",33.21,"Black_goby Embryo 5",18
"Black_goby","Embryo",27.17,"Black_goby Embryo 5",18
"Black_goby","Embryo",30.58,"Black_goby Embryo 5",18
"Black_goby","Embryo",33.83,"Black_goby Embryo 6",18
"Black_goby","Embryo",34.2,"Black_goby Embryo 6",18
"Black_goby","Embryo",35.08,"Black_goby Embryo 6",18
"Black_goby","Embryo",35.42,"Black_goby Embryo 6",18
"Black_goby","Embryo",31.82,"Black_goby Embryo 6",18
"Black_goby","Embryo",33.01,"Black_goby Embryo 6",18
"Black_goby","Embryo",34.87,"Black_goby Embryo 6",18
"Black_goby","Embryo",34.03,"Black_goby Embryo 6",18
"Black_goby","Embryo",33.43,"Black_goby Embryo 6",18
"Black_goby","Embryo",32.77,"Black_goby Embryo 6",18
"Black_goby","Embryo",31.33,"Black_goby Embryo 6",18
"Black_goby","Embryo",33.01,"Black_goby Embryo 6",18
"Black_goby","Embryo",34.44,"Black_goby Embryo 6",18
"Black_goby","Embryo",34.14,"Black_goby Embryo 7",18
"Black_goby","Embryo",34.53,"Black_goby Embryo 7",18
"Black_goby","Embryo",35.08,"Black_goby Embryo 7",18
"Black_goby","Embryo",32.27,"Black_goby Embryo 7",18
"Black_goby","Embryo",33.93,"Black_goby Embryo 7",18
"Black_goby","Embryo",34.53,"Black_goby Embryo 7",18
"Black_goby","Embryo",33.3,"Black_goby Embryo 7",18
"Black_goby","Embryo",32.02,"Black_goby Embryo 7",18
"Black_goby","Embryo",34.34,"Black_goby Embryo 7",18
"Black_goby","Embryo",31.99,"Black_goby Embryo 7",18
"Black_goby","Embryo",35.08,"Black_goby Embryo 7",18
"Black_goby","Embryo",28.88,"Black_goby Embryo 7",18
"Black_goby","Embryo",32.03,"Black_goby Embryo 7",18
"Black_goby","Embryo",35.01,"Black_goby Embryo 8",18
"Black_goby","Embryo",35.01,"Black_goby Embryo 8",18
"Black_goby","Embryo",35.7,"Black_goby Embryo 8",18
"Black_goby","Embryo",31.7,"Black_goby Embryo 8",18
"Black_goby","Embryo",35.01,"Black_goby Embryo 8",18
"Black_goby","Embryo",33.38,"Black_goby Embryo 8",18
"Black_goby","Embryo",34.63,"Black_goby Embryo 8",18
"Black_goby","Embryo",35.01,"Black_goby Embryo 8",18
"Black_goby","Embryo",34.83,"Black_goby Embryo 8",18
"Black_goby","Embryo",34.45,"Black_goby Embryo 8",18
"Black_goby","Embryo",34.26,"Black_goby Embryo 8",18
"Black_goby","Embryo",32.31,"Black_goby Embryo 8",18
"Black_goby","Embryo",34.63,"Black_goby Embryo 8",18
"Black_goby","Embryo",32.25,"Black_goby Embryo 9",18
"Black_goby","Embryo",33.72,"Black_goby Embryo 9",18
"Black_goby","Embryo",32.95,"Black_goby Embryo 9",18
"Black_goby","Embryo",34.99,"Black_goby Embryo 9",18
"Black_goby","Embryo",33.72,"Black_goby Embryo 9",18
"Black_goby","Embryo",31.26,"Black_goby Embryo 9",18
"Black_goby","Embryo",34.26,"Black_goby Embryo 9",18
"Black_goby","Embryo",32.45,"Black_goby Embryo 9",18
"Black_goby","Embryo",32.25,"Black_goby Embryo 9",18
"Black_goby","Embryo",26.04,"Black_goby Embryo 9",18
"Black_goby","Embryo",34.26,"Black_goby Embryo 9",18
"Black_goby","Embryo",24.69,"Black_goby Embryo 9",18
"Black_goby","Embryo",34.98,"Black_goby Embryo 10",18
"Black_goby","Embryo",34.31,"Black_goby Embryo 10",18
"Black_goby","Embryo",30.97,"Black_goby Embryo 10",18
"Black_goby","Embryo",30.17,"Black_goby Embryo 10",18
"Black_goby","Embryo",32.9,"Black_goby Embryo 10",18
"Black_goby","Embryo",34.72,"Black_goby Embryo 10",18
"Black_goby","Embryo",33.48,"Black_goby Embryo 10",18
"Black_goby","Embryo",34.98,"Black_goby Embryo 10",18
"Black_goby","Embryo",35.62,"Black_goby Embryo 10",18
"Black_goby","Embryo",35.81,"Black_goby Embryo 10",18
"Black_goby","Embryo",35.62,"Black_goby Embryo 10",18
"Black_goby","Embryo",34.05,"Black_goby Embryo 10",18
"Black_goby","Embryo",34.05,"Black_goby Embryo 10",18
"Black_goby","Larva",27.69,"Black_goby Larva 1",18
"Black_goby","Larva",30.97,"Black_goby Larva 1",18
"Black_goby","Larva",31.08,"Black_goby Larva 1",18
"Black_goby","Larva",31.92,"Black_goby Larva 1",18
"Black_goby","Larva",32.5,"Black_goby Larva 1",18
"Black_goby","Larva",32.7,"Black_goby Larva 1",18
"Black_goby","Larva",33.56,"Black_goby Larva 1",18
"Black_goby","Larva",34.12,"Black_goby Larva 1",18
"Black_goby","Larva",35.7,"Black_goby Larva 1",18
"Black_goby","Larva",30.3,"Black_goby Larva 2",18
"Black_goby","Larva",31.1,"Black_goby Larva 2",18
"Black_goby","Larva",32.62,"Black_goby Larva 2",18
"Black_goby","Larva",32.88,"Black_goby Larva 2",18
"Black_goby","Larva",32.94,"Black_goby Larva 2",18
"Black_goby","Larva",32.98,"Black_goby Larva 2",18
"Black_goby","Larva",33.83,"Black_goby Larva 2",18
"Black_goby","Larva",34.04,"Black_goby Larva 2",18
"Black_goby","Larva",34.49,"Black_goby Larva 2",18
"Black_goby","Larva",29.26,"Black_goby Larva 3",18
"Black_goby","Larva",30.04,"Black_goby Larva 3",18
"Black_goby","Larva",31.53,"Black_goby Larva 3",18
"Black_goby","Larva",32.23,"Black_goby Larva 3",18
"Black_goby","Larva",32.23,"Black_goby Larva 3",18
"Black_goby","Larva",33.76,"Black_goby Larva 3",18
"Black_goby","Larva",33.5,"Black_goby Larva 3",18
"Black_goby","Larva",34.08,"Black_goby Larva 3",18
"Black_goby","Larva",30.45,"Black_goby Larva 4",18
"Black_goby","Larva",31.33,"Black_goby Larva 4",18
"Black_goby","Larva",31.57,"Black_goby Larva 4",18
"Black_goby","Larva",31.83,"Black_goby Larva 4",18
"Black_goby","Larva",32.05,"Black_goby Larva 4",18
"Black_goby","Larva",33.47,"Black_goby Larva 4",18
"Black_goby","Larva",34.03,"Black_goby Larva 4",18
"Black_goby","Larva",34.18,"Black_goby Larva 4",18
"Black_goby","Larva",30.1,"Black_goby Larva 5",18
"Black_goby","Larva",31.01,"Black_goby Larva 5",18
"Black_goby","Larva",31.31,"Black_goby Larva 5",18
"Black_goby","Larva",31.58,"Black_goby Larva 5",18
"Black_goby","Larva",34.6,"Black_goby Larva 5",18
"Black_goby","Larva",37.85,"Black_goby Larva 5",18
"Black_goby","Larva",31.55,"Black_goby Larva 6",18
"Black_goby","Larva",32.37,"Black_goby Larva 6",18
"Black_goby","Larva",34.15,"Black_goby Larva 6",18
"Black_goby","Larva",34.29,"Black_goby Larva 6",18
"Black_goby","Larva",34.67,"Black_goby Larva 6",18
"Black_goby","Larva",34.75,"Black_goby Larva 6",18
"Black_goby","Larva",34.75,"Black_goby Larva 6",18
"Black_goby","Larva",35.17,"Black_goby Larva 6",18
"Black_goby","Larva",35,"Black_goby Larva 7",18
"Black_goby","Larva",35.5,"Black_goby Larva 7",18
"Black_goby","Larva",35.6,"Black_goby Larva 7",18
"Black_goby","Larva",35.69,"Black_goby Larva 7",18
"Black_goby","Larva",35.77,"Black_goby Larva 7",18
"Black_goby","Larva",35.78,"Black_goby Larva 7",18
"Black_goby","Larva",35.98,"Black_goby Larva 7",18
"Black_goby","Larva",35.98,"Black_goby Larva 7",18
"Black_goby","Larva",36.01,"Black_goby Larva 7",18
"Black_goby","Larva",36.1,"Black_goby Larva 7",18
"Black_goby","Larva",35.3,"Black_goby Larva 8",18
"Black_goby","Larva",35.7,"Black_goby Larva 8",18
"Black_goby","Larva",35.82,"Black_goby Larva 8",18
"Black_goby","Larva",35.9,"Black_goby Larva 8",18
"Black_goby","Larva",35.79,"Black_goby Larva 8",18
"Black_goby","Larva",36.14,"Black_goby Larva 8",18
"Black_goby","Larva",36.24,"Black_goby Larva 8",18
"Black_goby","Larva",36.24,"Black_goby Larva 8",18
"Black_goby","Larva",36.04,"Black_goby Larva 8",18
"Black_goby","Larva",36.01,"Black_goby Larva 8",18
"Black_goby","Larva",34.21,"Black_goby Larva 9",18
"Black_goby","Larva",34.54,"Black_goby Larva 9",18
"Black_goby","Larva",35.45,"Black_goby Larva 9",18
"Black_goby","Larva",35.64,"Black_goby Larva 9",18
"Black_goby","Larva",35.73,"Black_goby Larva 9",18
"Black_goby","Larva",35.71,"Black_goby Larva 9",18
"Black_goby","Larva",35.84,"Black_goby Larva 9",18
"Black_goby","Larva",36.03,"Black_goby Larva 9",18
"Black_goby","Larva",36.26,"Black_goby Larva 9",18
"Black_goby","Larva",36.28,"Black_goby Larva 9",18
"Black_goby","Immature",30.6,"Black_goby Adult 1",18
"Black_goby","Immature",31.2,"Black_goby Adult 1",18
"Black_goby","Immature",31.4,"Black_goby Adult 1",18
"Black_goby","Immature",31.8,"Black_goby Adult 1",18
"Black_goby","Immature",31.9,"Black_goby Adult 1",18
"Black_goby","Immature",32.1,"Black_goby Adult 1",18
"Black_goby","Immature",32.3,"Black_goby Adult 1",18
"Black_goby","Immature",30.8,"Black_goby Adult 2",18
"Black_goby","Immature",31,"Black_goby Adult 2",18
"Black_goby","Immature",31.8,"Black_goby Adult 2",18
"Black_goby","Immature",32.1,"Black_goby Adult 2",18
"Black_goby","Immature",32.4,"Black_goby Adult 2",18
"Black_goby","Immature",30.7,"Black_goby Adult 3",18
"Black_goby","Immature",32.1,"Black_goby Adult 3",18
"Black_goby","Immature",31.2,"Black_goby Adult 4",18
"Black_goby","Immature",31.4,"Black_goby Adult 4",18
"Black_goby","Immature",31.78,"Black_goby Adult 5",18
"Black_goby","Immature",31.83,"Black_goby Adult 5",18
"Black_goby","Immature",32.01,"Black_goby Adult 5",18
"Black_goby","Immature",32.06,"Black_goby Adult 5",18
"Black_goby","Immature",32.07,"Black_goby Adult 5",18
"Black_goby","Immature",30.7,"Black_goby Adult 6",18
"Black_goby","Immature",31.3,"Black_goby Adult 6",18
"Black_goby","Immature",31.5,"Black_goby Adult 6",18
"Black_goby","Spawner",32.2,"Black_goby Adult 2",18
"Black_goby","Spawner",30.8,"Black_goby Adult 3",18
"Black_goby","Spawner",31.1,"Black_goby Adult 3",18
"Black_goby","Spawner",31.3,"Black_goby Adult 3",18
"Black_goby","Spawner",31.5,"Black_goby Adult 3",18
"Black_goby","Spawner",31.5,"Black_goby Adult 3",18
"Black_goby","Spawner",31.6,"Black_goby Adult 3",18
"Black_goby","Spawner",31.7,"Black_goby Adult 3",18
"Black_goby","Spawner",32,"Black_goby Adult 3",18
"Black_goby","Spawner",30,"Black_goby Adult 4",18
"Black_goby","Spawner",30.2,"Black_goby Adult 4",18
"Black_goby","Spawner",30.5,"Black_goby Adult 4",18
"Black_goby","Spawner",30.7,"Black_goby Adult 4",18
"Black_goby","Spawner",30.8,"Black_goby Adult 4",18
"Black_goby","Spawner",30.9,"Black_goby Adult 4",18
"Black_goby","Spawner",31,"Black_goby Adult 4",18
"Black_goby","Spawner",31.4,"Black_goby Adult 4",18
"Black_goby","Spawner",31.61,"Black_goby Adult 5",18
"Black_goby","Spawner",31.71,"Black_goby Adult 5",18
"Black_goby","Spawner",31.86,"Black_goby Adult 5",18
"Black_goby","Spawner",31.96,"Black_goby Adult 5",18
"Black_goby","Spawner",32.14,"Black_goby Adult 5",18
"Black_goby","Spawner",30.8,"Black_goby Adult 6",18
"Black_goby","Spawner",31.1,"Black_goby Adult 6",18
"Black_goby","Spawner",31.1,"Black_goby Adult 6",18
"Black_goby","Spawner",31.1,"Black_goby Adult 6",18
"Black_goby","Spawner",31.2,"Black_goby Adult 6",18
"Black_goby","Spawner",31.3,"Black_goby Adult 6",18
"Black_goby","Spawner",31.3,"Black_goby Adult 6",18
"Stickleback","Embryo",33.52,"Stickleback Embryo 1",18
"Stickleback","Embryo",35.75,"Stickleback Embryo 1",18
"Stickleback","Embryo",34.15,"Stickleback Embryo 1",18
"Stickleback","Embryo",35.75,"Stickleback Embryo 1",18
"Stickleback","Embryo",35.75,"Stickleback Embryo 1",18
"Stickleback","Embryo",35.12,"Stickleback Embryo 1",18
"Stickleback","Embryo",34.39,"Stickleback Embryo 2",18
"Stickleback","Embryo",33.55,"Stickleback Embryo 2",18
"Stickleback","Embryo",34.39,"Stickleback Embryo 2",18
"Stickleback","Embryo",33.55,"Stickleback Embryo 2",18
"Stickleback","Embryo",34.39,"Stickleback Embryo 2",18
"Stickleback","Embryo",33.9,"Stickleback Embryo 2",18
"Stickleback","Embryo",35.1,"Stickleback Embryo 3",18
"Stickleback","Embryo",34.75,"Stickleback Embryo 3",18
"Stickleback","Embryo",34.75,"Stickleback Embryo 3",18
"Stickleback","Embryo",33.9,"Stickleback Embryo 3",18
"Stickleback","Embryo",34.75,"Stickleback Embryo 3",18
"Stickleback","Embryo",32.85,"Stickleback Embryo 4",18
"Stickleback","Embryo",35.37,"Stickleback Embryo 4",18
"Stickleback","Embryo",34.33,"Stickleback Embryo 6",18
"Stickleback","Embryo",33.72,"Stickleback Embryo 6",18
"Stickleback","Embryo",34.92,"Stickleback Embryo 6",18
"Stickleback","Embryo",33.1,"Stickleback Embryo 6",18
"Stickleback","Embryo",34.33,"Stickleback Embryo 6",18
"Stickleback","Embryo",34,"Stickleback Embryo 6",18
"Stickleback","Embryo",34.25,"Stickleback Embryo 7",18
"Stickleback","Embryo",34.89,"Stickleback Embryo 7",18
"Stickleback","Embryo",34.56,"Stickleback Embryo 7",18
"Stickleback","Embryo",35.5,"Stickleback Embryo 7",18
"Stickleback","Embryo",34.56,"Stickleback Embryo 7",18
"Stickleback","Embryo",34.89,"Stickleback Embryo 7",18
"Stickleback","Embryo",34.99,"Stickleback Embryo 8",18
"Stickleback","Embryo",34.57,"Stickleback Embryo 8",18
"Stickleback","Embryo",33.95,"Stickleback Embryo 8",18
"Stickleback","Embryo",34.26,"Stickleback Embryo 8",18
"Stickleback","Embryo",34.57,"Stickleback Embryo 8",18
"Stickleback","Embryo",34.26,"Stickleback Embryo 8",18
"Stickleback","Immature",33,"Stickleback Immature 9",18
"Stickleback","Immature",33.3,"Stickleback Immature 9",18
"Stickleback","Immature",33.4,"Stickleback Immature 9",18
"Stickleback","Immature",33.5,"Stickleback Immature 9",18
"Stickleback","Immature",33.5,"Stickleback Immature 9",18
"Stickleback","Immature",33.8,"Stickleback Immature 9",18
"Stickleback","Immature",34,"Stickleback Immature 9",18
"Stickleback","Larva",33.33,"Stickleback Larva 1",18
"Stickleback","Larva",33.54,"Stickleback Larva 1",18
"Stickleback","Larva",33.57,"Stickleback Larva 1",18
"Stickleback","Larva",33.7,"Stickleback Larva 1",18
"Stickleback","Larva",33.7,"Stickleback Larva 1",18
"Stickleback","Larva",33.7,"Stickleback Larva 1",18
"Stickleback","Larva",33.81,"Stickleback Larva 1",18
"Stickleback","Larva",33.45,"Stickleback Larva 2",18
"Stickleback","Larva",33.5,"Stickleback Larva 2",18
"Stickleback","Larva",33.5,"Stickleback Larva 2",18
"Stickleback","Larva",33.5,"Stickleback Larva 2",18
"Stickleback","Larva",33.71,"Stickleback Larva 2",18
"Stickleback","Larva",33.78,"Stickleback Larva 2",18
"Stickleback","Larva",34.97,"Stickleback Larva 2",18
"Stickleback","Larva",34.97,"Stickleback Larva 2",18
"Stickleback","Larva",34.97,"Stickleback Larva 2",18
"Stickleback","Larva",32.93,"Stickleback Larva 3",18
"Stickleback","Larva",33.01,"Stickleback Larva 3",18
"Stickleback","Larva",33.4,"Stickleback Larva 3",18
"Stickleback","Larva",33.42,"Stickleback Larva 3",18
"Stickleback","Larva",33.53,"Stickleback Larva 3",18
"Stickleback","Larva",33.82,"Stickleback Larva 3",18
"Stickleback","Larva",33.9,"Stickleback Larva 3",18
"Stickleback","Larva",34.02,"Stickleback Larva 3",18
"Stickleback","Larva",34.13,"Stickleback Larva 3",18
"Stickleback","Larva",33.46,"Stickleback Larva 4",18
"Stickleback","Larva",33.71,"Stickleback Larva 4",18
"Stickleback","Larva",33.91,"Stickleback Larva 4",18
"Stickleback","Larva",34.11,"Stickleback Larva 4",18
"Stickleback","Larva",34.15,"Stickleback Larva 4",18
"Stickleback","Larva",34.15,"Stickleback Larva 4",18
"Stickleback","Larva",34.4,"Stickleback Larva 4",18
"Stickleback","Larva",34.4,"Stickleback Larva 4",18
"Stickleback","Larva",33.1,"Stickleback Larva 5",18
"Stickleback","Larva",33.44,"Stickleback Larva 5",18
"Stickleback","Larva",33.44,"Stickleback Larva 5",18
"Stickleback","Larva",33.48,"Stickleback Larva 5",18
"Stickleback","Larva",33.51,"Stickleback Larva 5",18
"Stickleback","Larva",33.51,"Stickleback Larva 5",18
"Stickleback","Larva",33.71,"Stickleback Larva 5",18
"Stickleback","Larva",33.88,"Stickleback Larva 5",18
"Stickleback","Larva",33.99,"Stickleback Larva 5",18
"Stickleback","Larva",32.3,"Stickleback Larva 6",18
"Stickleback","Larva",32.32,"Stickleback Larva 6",18
"Stickleback","Larva",32.37,"Stickleback Larva 6",18
"Stickleback","Larva",32.39,"Stickleback Larva 6",18
"Stickleback","Larva",32.29,"Stickleback Larva 6",18
"Stickleback","Larva",32.29,"Stickleback Larva 6",18
"Stickleback","Larva",32.28,"Stickleback Larva 6",18
"Stickleback","Larva",32.28,"Stickleback Larva 6",18
"Stickleback","Larva",32.28,"Stickleback Larva 6",18
"Stickleback","Larva",32.28,"Stickleback Larva 6",18
"Stickleback","Larva",30.9,"Stickleback Larva 7",18
"Stickleback","Larva",31.44,"Stickleback Larva 7",18
"Stickleback","Larva",31.83,"Stickleback Larva 7",18
"Stickleback","Larva",31.87,"Stickleback Larva 7",18
"Stickleback","Larva",32.02,"Stickleback Larva 7",18
"Stickleback","Larva",32.11,"Stickleback Larva 7",18
"Stickleback","Larva",32.26,"Stickleback Larva 7",18
"Stickleback","Larva",32.26,"Stickleback Larva 7",18
"Stickleback","Larva",32.28,"Stickleback Larva 7",18
"Stickleback","Larva",32.28,"Stickleback Larva 7",18
"Stickleback","Larva",32.35,"Stickleback Larva 7",18
"Stickleback","Spawner",31.9,"Stickleback Spawner 3",18
"Stickleback","Spawner",32.4,"Stickleback Spawner 4",18
"Stickleback","Spawner",33,"Stickleback Spawner 4",18
"Stickleback","Spawner",33.2,"Stickleback Spawner 4",18
"Stickleback","Spawner",33.4,"Stickleback Spawner 4",18
"Stickleback","Spawner",33.4,"Stickleback Spawner 4",18
"Stickleback","Spawner",32.8,"Stickleback Spawner 5",18
"Stickleback","Spawner",32.9,"Stickleback Spawner 5",18
"Stickleback","Spawner",33.3,"Stickleback Spawner 5",18
"Stickleback","Spawner",33.5,"Stickleback Spawner 5",18
"Stickleback","Spawner",33.6,"Stickleback Spawner 5",18
"Stickleback","Spawner",33.7,"Stickleback Spawner 5",18
"Stickleback","Spawner",33.7,"Stickleback Spawner 5",18
"Stickleback","Spawner",33.8,"Stickleback Spawner 5",18
"Stickleback","Spawner",33.8,"Stickleback Spawner 5",18
"Stickleback","Spawner",33.9,"Stickleback Spawner 5",18
"Stickleback","Spawner",33.2,"Stickleback Spawner 6",18
"Stickleback","Spawner",33.4,"Stickleback Spawner 6",18
"Stickleback","Spawner",33.5,"Stickleback Spawner 6",18
"Stickleback","Spawner",33.6,"Stickleback Spawner 6",18
"Stickleback","Spawner",33.7,"Stickleback Spawner 6",18
"Stickleback","Spawner",33.7,"Stickleback Spawner 6",18
"Stickleback","Spawner",33.8,"Stickleback Spawner 6",18
"Stickleback","Spawner",33.8,"Stickleback Spawner 6",18
"Stickleback","Spawner",33.9,"Stickleback Spawner 6",18
"Stickleback","Spawner",34.1,"Stickleback Spawner 6",18
"Stickleback","Spawner",33.6,"Stickleback Spawner 7",18
"Stickleback","Spawner",33.7,"Stickleback Spawner 7",18
"Stickleback","Spawner",33.7,"Stickleback Spawner 7",18
"Stickleback","Spawner",33.7,"Stickleback Spawner 7",18
"Stickleback","Spawner",33.7,"Stickleback Spawner 7",18
"Stickleback","Spawner",33.7,"Stickleback Spawner 7",18
"Stickleback","Spawner",33.8,"Stickleback Spawner 7",18
"Stickleback","Spawner",34,"Stickleback Spawner 7",18
"Stickleback","Spawner",32.7,"Stickleback Spawner 8",18
"Stickleback","Spawner",33,"Stickleback Spawner 8",18
"Stickleback","Spawner",33.1,"Stickleback Spawner 8",18
"Stickleback","Spawner",33.2,"Stickleback Spawner 8",18
"Stickleback","Spawner",33.3,"Stickleback Spawner 8",18
"Stickleback","Spawner",33.4,"Stickleback Spawner 8",18
"Stickleback","Spawner",33.5,"Stickleback Spawner 8",18
"Stickleback","Spawner",33.6,"Stickleback Spawner 8",18
"Stickleback","Spawner",33.6,"Stickleback Spawner 8",18
"Stickleback","Spawner",33.7,"Stickleback Spawner 8",18
"Stickleback","Spawner",33.6,"Stickleback Spawner 9",18
"Stickleback","Spawner",33.6,"Stickleback Spawner 9",18
"Stickleback","Spawner",33.7,"Stickleback Spawner 9",18
"Stickleback","Spawner",33.7,"Stickleback Spawner 9",18
"Stickleback","Spawner",33.8,"Stickleback Spawner 9",18
"Atlantic_salmon","Embryo",22.7,"Atlantic_salmon Embryo 3",18
"Atlantic_salmon","Embryo",24.1,"Atlantic_salmon Embryo 3",18
"Atlantic_salmon","Embryo",23.6,"Atlantic_salmon Embryo 3",18
"Atlantic_salmon","Embryo",22.7,"Atlantic_salmon Embryo 3",18
"Atlantic_salmon","Embryo",23.6,"Atlantic_salmon Embryo 3",18
"Atlantic_salmon","Embryo",24.3,"Atlantic_salmon Embryo 3",18
"Atlantic_salmon","Embryo",24.1,"Atlantic_salmon Embryo 3",18
"Atlantic_salmon","Embryo",23.7,"Atlantic_salmon Embryo 3",18
"Atlantic_salmon","Embryo",23.5,"Atlantic_salmon Embryo 3",18
"Atlantic_salmon","Embryo",24.4,"Atlantic_salmon Embryo 3",18
"Atlantic_salmon","Embryo",21.6,"Atlantic_salmon Embryo 3",18
"Atlantic_salmon","Embryo",24,"Atlantic_salmon Embryo 3",18
"Atlantic_salmon","Embryo",22.3,"Atlantic_salmon Embryo 3",18
"Atlantic_salmon","Embryo",18,"Atlantic_salmon Embryo 4",18
"Atlantic_salmon","Embryo",22.3,"Atlantic_salmon Embryo 4",18
"Atlantic_salmon","Embryo",22.6,"Atlantic_salmon Embryo 4",18
"Atlantic_salmon","Embryo",23.6,"Atlantic_salmon Embryo 4",18
"Atlantic_salmon","Embryo",23.7,"Atlantic_salmon Embryo 4",18
"Atlantic_salmon","Embryo",23.7,"Atlantic_salmon Embryo 4",18
"Atlantic_salmon","Embryo",23.4,"Atlantic_salmon Embryo 4",18
"Atlantic_salmon","Embryo",24.4,"Atlantic_salmon Embryo 4",18
"Atlantic_salmon","Embryo",23.1,"Atlantic_salmon Embryo 4",18
"Atlantic_salmon","Embryo",23.3,"Atlantic_salmon Embryo 4",18
"Atlantic_salmon","Embryo",24,"Atlantic_salmon Embryo 4",18
"Atlantic_salmon","Embryo",23.4,"Atlantic_salmon Embryo 5",18
"Atlantic_salmon","Embryo",22.9,"Atlantic_salmon Embryo 5",18
"Atlantic_salmon","Embryo",22.8,"Atlantic_salmon Embryo 5",18
"Atlantic_salmon","Embryo",24,"Atlantic_salmon Embryo 5",18
"Atlantic_salmon","Embryo",23.5,"Atlantic_salmon Embryo 5",18
"Atlantic_salmon","Embryo",22.4,"Atlantic_salmon Embryo 5",18
"Atlantic_salmon","Embryo",23.2,"Atlantic_salmon Embryo 5",18
"Atlantic_salmon","Embryo",22.2,"Atlantic_salmon Embryo 5",18
"Atlantic_salmon","Embryo",23.6,"Atlantic_salmon Embryo 5",18
"Atlantic_salmon","Embryo",22.2,"Atlantic_salmon Embryo 5",18
"Atlantic_salmon","Embryo",23.2,"Atlantic_salmon Embryo 5",18
"Atlantic_salmon","Embryo",23.3,"Atlantic_salmon Embryo 5",18
"Atlantic_salmon","Embryo",22.6,"Atlantic_salmon Embryo 5",18
"Atlantic_salmon","Embryo",21.7,"Atlantic_salmon Embryo 6",18
"Atlantic_salmon","Embryo",24,"Atlantic_salmon Embryo 6",18
"Atlantic_salmon","Embryo",22.9,"Atlantic_salmon Embryo 6",18
"Atlantic_salmon","Embryo",21.5,"Atlantic_salmon Embryo 6",18
"Atlantic_salmon","Embryo",21.2,"Atlantic_salmon Embryo 6",18
"Atlantic_salmon","Embryo",22,"Atlantic_salmon Embryo 6",18
"Atlantic_salmon","Embryo",23.5,"Atlantic_salmon Embryo 6",18
"Atlantic_salmon","Embryo",16.2,"Atlantic_salmon Embryo 6",18
"Atlantic_salmon","Embryo",23.8,"Atlantic_salmon Embryo 6",18
"Atlantic_salmon","Embryo",22.6,"Atlantic_salmon Embryo 6",18
"Atlantic_salmon","Embryo",24,"Atlantic_salmon Embryo 6",18
"Atlantic_salmon","Embryo",23.6,"Atlantic_salmon Embryo 7",18
"Atlantic_salmon","Embryo",24,"Atlantic_salmon Embryo 7",18
"Atlantic_salmon","Embryo",23.5,"Atlantic_salmon Embryo 7",18
"Atlantic_salmon","Embryo",24.5,"Atlantic_salmon Embryo 7",18
"Atlantic_salmon","Embryo",24.8,"Atlantic_salmon Embryo 7",18
"Atlantic_salmon","Embryo",19,"Atlantic_salmon Embryo 7",18
"Atlantic_salmon","Embryo",21.8,"Atlantic_salmon Embryo 7",18
"Atlantic_salmon","Embryo",21.1,"Atlantic_salmon Embryo 7",18
"Atlantic_salmon","Embryo",25.9,"Atlantic_salmon Embryo 7",18
"Atlantic_salmon","Embryo",24.4,"Atlantic_salmon Embryo 7",18
"Atlantic_salmon","Embryo",20.6,"Atlantic_salmon Embryo 7",18
"Atlantic_salmon","Embryo",25,"Atlantic_salmon Embryo 7",18
"Atlantic_salmon","Embryo",23,"Atlantic_salmon Embryo 7",18
"Atlantic_salmon","Embryo",23.5,"Atlantic_salmon Embryo 8",18
"Atlantic_salmon","Embryo",23.2,"Atlantic_salmon Embryo 8",18
"Atlantic_salmon","Embryo",22.5,"Atlantic_salmon Embryo 8",18
"Atlantic_salmon","Embryo",18.1,"Atlantic_salmon Embryo 8",18
"Atlantic_salmon","Embryo",23.4,"Atlantic_salmon Embryo 8",18
"Atlantic_salmon","Embryo",19,"Atlantic_salmon Embryo 8",18
"Atlantic_salmon","Embryo",25.1,"Atlantic_salmon Embryo 8",18
"Atlantic_salmon","Embryo",23.1,"Atlantic_salmon Embryo 8",18
"Atlantic_salmon","Embryo",21.6,"Atlantic_salmon Embryo 8",18
"Atlantic_salmon","Embryo",23.1,"Atlantic_salmon Embryo 8",18
"Atlantic_salmon","Embryo",23.3,"Atlantic_salmon Embryo 8",18
"Atlantic_salmon","Embryo",23.6,"Atlantic_salmon Embryo 8",18
"Atlantic_salmon","Embryo",21.5,"Atlantic_salmon Embryo 8",18
"Atlantic_salmon","Embryo",19,"Atlantic_salmon Embryo 9",18
"Atlantic_salmon","Embryo",19,"Atlantic_salmon Embryo 9",18
"Atlantic_salmon","Embryo",21.1,"Atlantic_salmon Embryo 9",18
"Atlantic_salmon","Embryo",16.9,"Atlantic_salmon Embryo 9",18
"Atlantic_salmon","Embryo",23.9,"Atlantic_salmon Embryo 9",18
"Atlantic_salmon","Embryo",23.8,"Atlantic_salmon Embryo 9",18
"Atlantic_salmon","Embryo",16,"Atlantic_salmon Embryo 9",18
"Atlantic_salmon","Embryo",22.7,"Atlantic_salmon Embryo 9",18
"Atlantic_salmon","Embryo",22.2,"Atlantic_salmon Embryo 9",18
"Atlantic_salmon","Embryo",24.1,"Atlantic_salmon Embryo 9",18
"Atlantic_salmon","Embryo",20.9,"Atlantic_salmon Embryo 9",18
"Atlantic_salmon","Embryo",19.8,"Atlantic_salmon Embryo 9",18
"Atlantic_salmon","Embryo",16.9,"Atlantic_salmon Embryo 9",18
"Atlantic_salmon","Embryo",19.3,"Atlantic_salmon Embryo 9",18
"Atlantic_salmon","Larva",25.19,"Atlantic_salmon Larva 1",18
"Atlantic_salmon","Larva",25.98,"Atlantic_salmon Larva 1",18
"Atlantic_salmon","Larva",26.16,"Atlantic_salmon Larva 1",18
"Atlantic_salmon","Larva",26.3,"Atlantic_salmon Larva 1",18
"Atlantic_salmon","Larva",26.24,"Atlantic_salmon Larva 1",18
"Atlantic_salmon","Larva",26.38,"Atlantic_salmon Larva 1",18
"Atlantic_salmon","Larva",26.4,"Atlantic_salmon Larva 1",18
"Atlantic_salmon","Larva",26.41,"Atlantic_salmon Larva 1",18
"Atlantic_salmon","Larva",26.41,"Atlantic_salmon Larva 1",18
"Atlantic_salmon","Larva",26.31,"Atlantic_salmon Larva 1",18
"Atlantic_salmon","Larva",26.11,"Atlantic_salmon Larva 2",18
"Atlantic_salmon","Larva",26.28,"Atlantic_salmon Larva 2",18
"Atlantic_salmon","Larva",26.29,"Atlantic_salmon Larva 2",18
"Atlantic_salmon","Larva",26.24,"Atlantic_salmon Larva 2",18
"Atlantic_salmon","Larva",26.14,"Atlantic_salmon Larva 2",18
"Atlantic_salmon","Larva",26.25,"Atlantic_salmon Larva 2",18
"Atlantic_salmon","Larva",26.25,"Atlantic_salmon Larva 2",18
"Atlantic_salmon","Larva",26.25,"Atlantic_salmon Larva 2",18
"Atlantic_salmon","Larva",26.05,"Atlantic_salmon Larva 2",18
"Atlantic_salmon","Larva",26.24,"Atlantic_salmon Larva 2",18
"Atlantic_salmon","Larva",26.83,"Atlantic_salmon Larva 3",18
"Atlantic_salmon","Larva",27.03,"Atlantic_salmon Larva 3",18
"Atlantic_salmon","Larva",27.32,"Atlantic_salmon Larva 3",18
"Atlantic_salmon","Larva",27.32,"Atlantic_salmon Larva 3",18
"Atlantic_salmon","Larva",27.32,"Atlantic_salmon Larva 3",18
"Atlantic_salmon","Larva",27.48,"Atlantic_salmon Larva 3",18
"Atlantic_salmon","Larva",27.48,"Atlantic_salmon Larva 3",18
"Atlantic_salmon","Larva",27.48,"Atlantic_salmon Larva 3",18
"Atlantic_salmon","Larva",27.48,"Atlantic_salmon Larva 3",18
"Atlantic_salmon","Larva",27.48,"Atlantic_salmon Larva 3",18
"Atlantic_salmon","Larva",27.02,"Atlantic_salmon Larva 4",18
"Atlantic_salmon","Larva",27.12,"Atlantic_salmon Larva 4",18
"Atlantic_salmon","Larva",27.12,"Atlantic_salmon Larva 4",18
"Atlantic_salmon","Larva",27.27,"Atlantic_salmon Larva 4",18
"Atlantic_salmon","Larva",27.28,"Atlantic_salmon Larva 4",18
"Atlantic_salmon","Larva",27.28,"Atlantic_salmon Larva 4",18
"Atlantic_salmon","Larva",27.28,"Atlantic_salmon Larva 4",18
"Atlantic_salmon","Larva",27.33,"Atlantic_salmon Larva 4",18
"Atlantic_salmon","Larva",27.33,"Atlantic_salmon Larva 4",18
"Atlantic_salmon","Larva",27.31,"Atlantic_salmon Larva 4",18
"Atlantic_salmon","Larva",26.27,"Atlantic_salmon Larva 5",18
"Atlantic_salmon","Larva",26.43,"Atlantic_salmon Larva 5",18
"Atlantic_salmon","Larva",26.49,"Atlantic_salmon Larva 5",18
"Atlantic_salmon","Larva",26.49,"Atlantic_salmon Larva 5",18
"Atlantic_salmon","Larva",26.49,"Atlantic_salmon Larva 5",18
"Atlantic_salmon","Larva",26.64,"Atlantic_salmon Larva 5",18
"Atlantic_salmon","Larva",26.64,"Atlantic_salmon Larva 5",18
"Atlantic_salmon","Larva",26.71,"Atlantic_salmon Larva 5",18
"Atlantic_salmon","Larva",26.58,"Atlantic_salmon Larva 5",18
"Atlantic_salmon","Larva",26.79,"Atlantic_salmon Larva 5",18
"Atlantic_salmon","Larva",23.13,"Atlantic_salmon Larva 6",18
"Atlantic_salmon","Larva",26.33,"Atlantic_salmon Larva 6",18
"Atlantic_salmon","Larva",26.42,"Atlantic_salmon Larva 6",18
"Atlantic_salmon","Larva",26.44,"Atlantic_salmon Larva 6",18
"Atlantic_salmon","Larva",26.44,"Atlantic_salmon Larva 6",18
"Atlantic_salmon","Larva",26.61,"Atlantic_salmon Larva 6",18
"Atlantic_salmon","Larva",26.77,"Atlantic_salmon Larva 6",18
"Atlantic_salmon","Larva",26.77,"Atlantic_salmon Larva 6",18
"Atlantic_salmon","Larva",26.77,"Atlantic_salmon Larva 6",18
"Atlantic_salmon","Larva",26.85,"Atlantic_salmon Larva 6",18
"Atlantic_salmon","Larva",25.91,"Atlantic_salmon Larva 7",18
"Atlantic_salmon","Larva",26.09,"Atlantic_salmon Larva 7",18
"Atlantic_salmon","Larva",26.17,"Atlantic_salmon Larva 7",18
"Atlantic_salmon","Larva",26.28,"Atlantic_salmon Larva 7",18
"Atlantic_salmon","Larva",26.32,"Atlantic_salmon Larva 7",18
"Atlantic_salmon","Larva",26.32,"Atlantic_salmon Larva 7",18
"Atlantic_salmon","Larva",26.32,"Atlantic_salmon Larva 7",18
"Atlantic_salmon","Larva",26.58,"Atlantic_salmon Larva 7",18
"Atlantic_salmon","Larva",26.58,"Atlantic_salmon Larva 7",18
"Atlantic_salmon","Larva",26.58,"Atlantic_salmon Larva 7",18
"Atlantic_salmon","Larva",26.37,"Atlantic_salmon Larva 8",18
"Atlantic_salmon","Larva",26.56,"Atlantic_salmon Larva 8",18
"Atlantic_salmon","Larva",26.56,"Atlantic_salmon Larva 8",18
"Atlantic_salmon","Larva",26.56,"Atlantic_salmon Larva 8",18
"Atlantic_salmon","Larva",26.56,"Atlantic_salmon Larva 8",18
"Atlantic_salmon","Larva",26.56,"Atlantic_salmon Larva 8",18
"Atlantic_salmon","Larva",26.56,"Atlantic_salmon Larva 8",18
"Atlantic_salmon","Larva",26.63,"Atlantic_salmon Larva 8",18
"Atlantic_salmon","Larva",26.63,"Atlantic_salmon Larva 8",18
"Atlantic_salmon","Larva",26.67,"Atlantic_salmon Larva 8",18
"Atlantic_salmon","Larva",26.44,"Atlantic_salmon Larva 9",18
"Atlantic_salmon","Larva",26.51,"Atlantic_salmon Larva 9",18
"Atlantic_salmon","Larva",26.55,"Atlantic_salmon Larva 9",18
"Atlantic_salmon","Larva",26.55,"Atlantic_salmon Larva 9",18
"Atlantic_salmon","Larva",26.45,"Atlantic_salmon Larva 9",18
"Atlantic_salmon","Larva",26.45,"Atlantic_salmon Larva 9",18
"Atlantic_salmon","Larva",26.45,"Atlantic_salmon Larva 9",18
"Atlantic_salmon","Larva",26.46,"Atlantic_salmon Larva 9",18
"Atlantic_salmon","Larva",26.46,"Atlantic_salmon Larva 9",18
"Atlantic_salmon","Larva",26.46,"Atlantic_salmon Larva 9",18
"Atlantic_salmon","Larva",26.86,"Atlantic_salmon Larva 10",18
"Atlantic_salmon","Larva",26.87,"Atlantic_salmon Larva 10",18
"Atlantic_salmon","Larva",26.87,"Atlantic_salmon Larva 10",18
"Atlantic_salmon","Larva",26.87,"Atlantic_salmon Larva 10",18
"Atlantic_salmon","Larva",26.87,"Atlantic_salmon Larva 10",18
"Atlantic_salmon","Larva",26.87,"Atlantic_salmon Larva 10",18
"Atlantic_salmon","Larva",27.11,"Atlantic_salmon Larva 10",18
"Atlantic_salmon","Larva",27.11,"Atlantic_salmon Larva 10",18
"Atlantic_salmon","Larva",27.11,"Atlantic_salmon Larva 10",18
"Atlantic_salmon","Larva",27.11,"Atlantic_salmon Larva 10",18
"Atlantic_salmon","Larva",26.02,"Atlantic_salmon Larva 11",18
"Atlantic_salmon","Larva",26.53,"Atlantic_salmon Larva 11",18
"Atlantic_salmon","Larva",26.63,"Atlantic_salmon Larva 11",18
"Atlantic_salmon","Larva",26.61,"Atlantic_salmon Larva 11",18
"Atlantic_salmon","Larva",26.61,"Atlantic_salmon Larva 11",18
"Atlantic_salmon","Larva",26.63,"Atlantic_salmon Larva 11",18
"Atlantic_salmon","Larva",26.63,"Atlantic_salmon Larva 11",18
"Atlantic_salmon","Larva",26.63,"Atlantic_salmon Larva 11",18
"Atlantic_salmon","Larva",26.63,"Atlantic_salmon Larva 11",18
"Atlantic_salmon","Larva",26.63,"Atlantic_salmon Larva 11",18
"Atlantic_salmon","Larva",25.93,"Atlantic_salmon Larva 12",18
"Atlantic_salmon","Larva",25.81,"Atlantic_salmon Larva 12",18
"Atlantic_salmon","Larva",26.22,"Atlantic_salmon Larva 12",18
"Atlantic_salmon","Larva",26.22,"Atlantic_salmon Larva 12",18
"Atlantic_salmon","Larva",26.23,"Atlantic_salmon Larva 12",18
"Atlantic_salmon","Larva",26.23,"Atlantic_salmon Larva 12",18
"Atlantic_salmon","Larva",26.23,"Atlantic_salmon Larva 12",18
"Atlantic_salmon","Larva",26.24,"Atlantic_salmon Larva 12",18
"Atlantic_salmon","Larva",26.24,"Atlantic_salmon Larva 12",18
"Atlantic_salmon","Larva",25.84,"Atlantic_salmon Larva 12",18
"Atlantic_salmon","Spawner",26.66,"Atlantic_salmon Spawner 1",18
"Atlantic_salmon","Spawner",26.81,"Atlantic_salmon Spawner 1",18
"Atlantic_salmon","Spawner",27.02,"Atlantic_salmon Spawner 1",18
"Atlantic_salmon","Spawner",27.37,"Atlantic_salmon Spawner 1",18
"Atlantic_salmon","Spawner",27.52,"Atlantic_salmon Spawner 1",18
"Atlantic_salmon","Spawner",27.65,"Atlantic_salmon Spawner 1",18
"Atlantic_salmon","Spawner",27.66,"Atlantic_salmon Spawner 1",18
"Atlantic_salmon","Spawner",27.72,"Atlantic_salmon Spawner 1",18
"Atlantic_salmon","Spawner",26.2,"Atlantic_salmon Spawner 2",18
"Atlantic_salmon","Spawner",26.3,"Atlantic_salmon Spawner 2",18
"Atlantic_salmon","Spawner",26.4,"Atlantic_salmon Spawner 2",18
"Atlantic_salmon","Spawner",26.4,"Atlantic_salmon Spawner 2",18
"Atlantic_salmon","Spawner",26.5,"Atlantic_salmon Spawner 2",18
"Atlantic_salmon","Spawner",26.6,"Atlantic_salmon Spawner 2",18
"Atlantic_salmon","Spawner",26.8,"Atlantic_salmon Spawner 2",18
"Atlantic_salmon","Spawner",26.95,"Atlantic_salmon Spawner 2",18
"Atlantic_salmon","Spawner",27.4,"Atlantic_salmon Spawner 3",18
"Atlantic_salmon","Spawner",27.5,"Atlantic_salmon Spawner 3",18
"Atlantic_salmon","Spawner",27.8,"Atlantic_salmon Spawner 3",18
"Atlantic_salmon","Spawner",27.9,"Atlantic_salmon Spawner 3",18
"Atlantic_salmon","Spawner",27.9,"Atlantic_salmon Spawner 3",18
"Atlantic_salmon","Spawner",28.1,"Atlantic_salmon Spawner 3",18
"Atlantic_salmon","Spawner",28.1,"Atlantic_salmon Spawner 3",18
"Atlantic_salmon","Spawner",28.38,"Atlantic_salmon Spawner 3",18
"Atlantic_salmon","Immature",27.72,"Atlantic_salmon Immature 1",18
"Atlantic_salmon","Immature",28.3,"Atlantic_salmon Immature 1",18
"Atlantic_salmon","Immature",28.44,"Atlantic_salmon Immature 1",18
"Atlantic_salmon","Immature",28.54,"Atlantic_salmon Immature 1",18
"Atlantic_salmon","Immature",28.77,"Atlantic_salmon Immature 1",18
"Atlantic_salmon","Immature",28.84,"Atlantic_salmon Immature 1",18
"Atlantic_salmon","Immature",29.14,"Atlantic_salmon Immature 1",18
"Atlantic_salmon","Immature",28.08,"Atlantic_salmon Immature 2",18
"Atlantic_salmon","Immature",28.14,"Atlantic_salmon Immature 2",18
"Atlantic_salmon","Immature",28.32,"Atlantic_salmon Immature 2",18
"Atlantic_salmon","Immature",28.69,"Atlantic_salmon Immature 2",18
"Atlantic_salmon","Immature",28.72,"Atlantic_salmon Immature 2",18
"Atlantic_salmon","Immature",28.28,"Atlantic_salmon Immature 2",18
"Atlantic_salmon","Immature",28.94,"Atlantic_salmon Immature 2",18
"Atlantic_salmon","Immature",27.59,"Atlantic_salmon Immature 3",18
"Atlantic_salmon","Immature",28.01,"Atlantic_salmon Immature 3",18
"Atlantic_salmon","Immature",28.28,"Atlantic_salmon Immature 3",18
"Atlantic_salmon","Immature",28.38,"Atlantic_salmon Immature 3",18
"Atlantic_salmon","Immature",28.53,"Atlantic_salmon Immature 3",18
"Atlantic_salmon","Immature",28.57,"Atlantic_salmon Immature 3",18
"Atlantic_salmon","Immature",28.74,"Atlantic_salmon Immature 3",18
"Atlantic_salmon","Immature",28.9,"Atlantic_salmon Immature 3",18
"Atlantic_salmon","Immature",28.98,"Atlantic_salmon Immature 3",18
"Brook_trout","Embryo",27.35,"Brook_trout Embryo 1",18
"Brook_trout","Embryo",26.49,"Brook_trout Embryo 1",18
"Brook_trout","Embryo",27.33,"Brook_trout Embryo 1",18
"Brook_trout","Embryo",25.57,"Brook_trout Embryo 1",18
"Brook_trout","Embryo",26.74,"Brook_trout Embryo 1",18
"Brook_trout","Embryo",26.81,"Brook_trout Embryo 1",18
"Brook_trout","Embryo",25.82,"Brook_trout Embryo 1",18
"Brook_trout","Embryo",26.21,"Brook_trout Embryo 2",18
"Brook_trout","Embryo",25.02,"Brook_trout Embryo 2",18
"Brook_trout","Embryo",25.12,"Brook_trout Embryo 2",18
"Brook_trout","Embryo",23.79,"Brook_trout Embryo 2",18
"Brook_trout","Embryo",25.43,"Brook_trout Embryo 2",18
"Brook_trout","Embryo",25.74,"Brook_trout Embryo 2",18
"Brook_trout","Embryo",25.31,"Brook_trout Embryo 3",18
"Brook_trout","Embryo",25.28,"Brook_trout Embryo 3",18
"Brook_trout","Embryo",18.74,"Brook_trout Embryo 3",18
"Brook_trout","Embryo",23.89,"Brook_trout Embryo 4",18
"Brook_trout","Embryo",27.04,"Brook_trout Embryo 4",18
"Brook_trout","Embryo",23.1,"Brook_trout Embryo 4",18
"Brook_trout","Embryo",26.79,"Brook_trout Embryo 4",18
"Brook_trout","Embryo",25.84,"Brook_trout Embryo 4",18
"Brook_trout","Embryo",24.46,"Brook_trout Embryo 4",18
"Brook_trout","Embryo",25.13,"Brook_trout Embryo 4",18
"Brook_trout","Embryo",26.37,"Brook_trout Embryo 5",18
"Brook_trout","Embryo",25.18,"Brook_trout Embryo 5",18
"Brook_trout","Embryo",25.93,"Brook_trout Embryo 5",18
"Brook_trout","Embryo",26.76,"Brook_trout Embryo 5",18
"Brook_trout","Embryo",25.08,"Brook_trout Embryo 5",18
"Brook_trout","Embryo",24.24,"Brook_trout Embryo 5",18
"Brook_trout","Embryo",26.38,"Brook_trout Embryo 5",18
"Brook_trout","Embryo",26.77,"Brook_trout Embryo 6",18
"Brook_trout","Embryo",26.41,"Brook_trout Embryo 6",18
"Brook_trout","Embryo",25.57,"Brook_trout Embryo 6",18
"Brook_trout","Embryo",26.61,"Brook_trout Embryo 6",18
"Brook_trout","Embryo",25.41,"Brook_trout Embryo 6",18
"Brook_trout","Embryo",27.05,"Brook_trout Embryo 6",18
"Brook_trout","Embryo",26.71,"Brook_trout Embryo 6",18
"Brook_trout","Embryo",25.75,"Brook_trout Embryo 6",18
"Brook_trout","Embryo",26.34,"Brook_trout Embryo 6",18
"Brook_trout","Embryo",27.6,"Brook_trout Embryo 7",18
"Brook_trout","Embryo",26.46,"Brook_trout Embryo 7",18
"Brook_trout","Embryo",26.53,"Brook_trout Embryo 7",18
"Brook_trout","Embryo",24.84,"Brook_trout Embryo 7",18
"Brook_trout","Embryo",25.92,"Brook_trout Embryo 7",18
"Brook_trout","Embryo",26.12,"Brook_trout Embryo 7",18
"Brook_trout","Embryo",26.07,"Brook_trout Embryo 7",18
"Brook_trout","Embryo",16.85,"Brook_trout Embryo 7",18
"Brook_trout","Embryo",26.6,"Brook_trout Embryo 7",18
"Brook_trout","Embryo",27.5,"Brook_trout Embryo 19",18
"Brook_trout","Embryo",25.95,"Brook_trout Embryo 19",18
"Brook_trout","Embryo",26.48,"Brook_trout Embryo 19",18
"Brook_trout","Embryo",25.99,"Brook_trout Embryo 19",18
"Brook_trout","Embryo",26.28,"Brook_trout Embryo 19",18
"Brook_trout","Embryo",21.76,"Brook_trout Embryo 19",18
"Brook_trout","Embryo",24.29,"Brook_trout Embryo 19",18
"Brook_trout","Embryo",27.13,"Brook_trout Embryo 19",18
"Brook_trout","Embryo",27.16,"Brook_trout Embryo 19",18
"Brook_trout","Embryo",26.08,"Brook_trout Embryo 20",18
"Brook_trout","Embryo",24.42,"Brook_trout Embryo 20",18
"Brook_trout","Embryo",20.63,"Brook_trout Embryo 20",18
"Brook_trout","Embryo",21.92,"Brook_trout Embryo 20",18
"Brook_trout","Embryo",26.37,"Brook_trout Embryo 20",18
"Brook_trout","Embryo",26.46,"Brook_trout Embryo 20",18
"Brook_trout","Embryo",25.82,"Brook_trout Embryo 20",18
"Brook_trout","Embryo",27.19,"Brook_trout Embryo 20",18
"Brook_trout","Embryo",26.41,"Brook_trout Embryo 20",18
"Brook_trout","Embryo",25.97,"Brook_trout Embryo 21",18
"Brook_trout","Embryo",26.56,"Brook_trout Embryo 21",18
"Brook_trout","Embryo",19.21,"Brook_trout Embryo 21",18
"Brook_trout","Embryo",17.95,"Brook_trout Embryo 21",18
"Brook_trout","Embryo",26.59,"Brook_trout Embryo 21",18
"Brook_trout","Embryo",26.55,"Brook_trout Embryo 21",18
"Brook_trout","Embryo",26.73,"Brook_trout Embryo 21",18
"Brook_trout","Embryo",24.17,"Brook_trout Embryo 21",18
"Brook_trout","Embryo",25.62,"Brook_trout Embryo 21",18
"Brook_trout","Embryo",25.81,"Brook_trout Embryo 22",18
"Brook_trout","Embryo",26.5,"Brook_trout Embryo 22",18
"Brook_trout","Embryo",27.35,"Brook_trout Embryo 22",18
"Brook_trout","Embryo",26.84,"Brook_trout Embryo 22",18
"Brook_trout","Embryo",27.94,"Brook_trout Embryo 22",18
"Brook_trout","Embryo",19.19,"Brook_trout Embryo 22",18
"Brook_trout","Embryo",25.68,"Brook_trout Embryo 22",18
"Brook_trout","Embryo",24.27,"Brook_trout Embryo 22",18
"Brook_trout","Embryo",26.21,"Brook_trout Embryo 22",18
"Brook_trout","Embryo",24.13,"Brook_trout Embryo 23",18
"Brook_trout","Embryo",22.26,"Brook_trout Embryo 23",18
"Brook_trout","Embryo",26.88,"Brook_trout Embryo 23",18
"Brook_trout","Embryo",27.41,"Brook_trout Embryo 23",18
"Brook_trout","Embryo",22.65,"Brook_trout Embryo 23",18
"Brook_trout","Embryo",19.05,"Brook_trout Embryo 23",18
"Brook_trout","Embryo",26.78,"Brook_trout Embryo 23",18
"Brook_trout","Embryo",27.1,"Brook_trout Embryo 23",18
"Brook_trout","Embryo",26.91,"Brook_trout Embryo 23",18
"Brook_trout","Embryo",25.83,"Brook_trout Embryo 24",18
"Brook_trout","Embryo",26.81,"Brook_trout Embryo 24",18
"Brook_trout","Embryo",27,"Brook_trout Embryo 24",18
"Brook_trout","Embryo",16.58,"Brook_trout Embryo 24",18
"Brook_trout","Embryo",26.41,"Brook_trout Embryo 24",18
"Brook_trout","Embryo",25.99,"Brook_trout Embryo 24",18
"Brook_trout","Embryo",25.62,"Brook_trout Embryo 24",18
"Brook_trout","Embryo",27.48,"Brook_trout Embryo 24",18
"Brook_trout","Embryo",26.57,"Brook_trout Embryo 24",18
"Brook_trout","Embryo",26.48,"Brook_trout Embryo 25",18
"Brook_trout","Embryo",25.02,"Brook_trout Embryo 25",18
"Brook_trout","Embryo",25.96,"Brook_trout Embryo 25",18
"Brook_trout","Embryo",27.17,"Brook_trout Embryo 25",18
"Brook_trout","Embryo",18.33,"Brook_trout Embryo 25",18
"Brook_trout","Embryo",25.65,"Brook_trout Embryo 25",18
"Brook_trout","Embryo",24.96,"Brook_trout Embryo 26",18
"Brook_trout","Embryo",19.54,"Brook_trout Embryo 26",18
"Brook_trout","Embryo",26.54,"Brook_trout Embryo 26",18
"Brook_trout","Embryo",24.57,"Brook_trout Embryo 26",18
"Brook_trout","Embryo",26.54,"Brook_trout Embryo 26",18
"Brook_trout","Embryo",26.25,"Brook_trout Embryo 26",18
"Brook_trout","Embryo",27.4,"Brook_trout Embryo 27",18
"Brook_trout","Embryo",26.47,"Brook_trout Embryo 27",18
"Brook_trout","Embryo",27.16,"Brook_trout Embryo 27",18
"Brook_trout","Embryo",26.96,"Brook_trout Embryo 27",18
"Brook_trout","Embryo",26.8,"Brook_trout Embryo 27",18
"Brook_trout","Embryo",24.69,"Brook_trout Embryo 27",18
"Brook_trout","Embryo",26.58,"Brook_trout Embryo 28",18
"Brook_trout","Embryo",26.95,"Brook_trout Embryo 28",18
"Brook_trout","Embryo",26.97,"Brook_trout Embryo 28",18
"Brook_trout","Embryo",27.17,"Brook_trout Embryo 28",18
"Brook_trout","Embryo",25.79,"Brook_trout Embryo 29",18
"Brook_trout","Embryo",26.44,"Brook_trout Embryo 29",18
"Brook_trout","Embryo",27.94,"Brook_trout Embryo 29",18
"Brook_trout","Embryo",27.02,"Brook_trout Embryo 29",18
"Brook_trout","Embryo",26.59,"Brook_trout Embryo 29",18
"Brook_trout","Embryo",23.42,"Brook_trout Embryo 30",18
"Brook_trout","Embryo",23.68,"Brook_trout Embryo 30",18
"Brook_trout","Embryo",23.42,"Brook_trout Embryo 30",18
"Brook_trout","Embryo",27.95,"Brook_trout Embryo 30",18
"Brook_trout","Immature",27.4,"Brook_trout Immature 1",18
"Brook_trout","Immature",27.4,"Brook_trout Immature 1",18
"Brook_trout","Immature",27.5,"Brook_trout Immature 1",18
"Brook_trout","Immature",27.5,"Brook_trout Immature 1",18
"Brook_trout","Immature",27.6,"Brook_trout Immature 1",18
"Brook_trout","Immature",27.7,"Brook_trout Immature 1",18
"Brook_trout","Immature",27.7,"Brook_trout Immature 1",18
"Brook_trout","Immature",27.8,"Brook_trout Immature 1",18
"Brook_trout","Immature",28,"Brook_trout Immature 1",18
"Brook_trout","Immature",28.1,"Brook_trout Immature 1",18
"Brook_trout","Immature",28.1,"Brook_trout Immature 1",18
"Brook_trout","Immature",28.1,"Brook_trout Immature 1",18
"Brook_trout","Immature",28.1,"Brook_trout Immature 1",18
"Brook_trout","Immature",28.2,"Brook_trout Immature 1",18
"Brook_trout","Immature",28.2,"Brook_trout Immature 1",18
"Brook_trout","Immature",27.6,"Brook_trout Immature 2",18
"Brook_trout","Immature",27.8,"Brook_trout Immature 2",18
"Brook_trout","Immature",27.9,"Brook_trout Immature 2",18
"Brook_trout","Immature",28,"Brook_trout Immature 2",18
"Brook_trout","Immature",28.1,"Brook_trout Immature 2",18
"Brook_trout","Immature",28.3,"Brook_trout Immature 2",18
"Brook_trout","Immature",28.3,"Brook_trout Immature 2",18
"Brook_trout","Immature",28.4,"Brook_trout Immature 2",18
"Brook_trout","Immature",28.3,"Brook_trout Immature 2",18
"Brook_trout","Immature",28.3,"Brook_trout Immature 2",18
"Brook_trout","Immature",28.3,"Brook_trout Immature 2",18
"Brook_trout","Immature",28.4,"Brook_trout Immature 2",18
"Brook_trout","Immature",28.5,"Brook_trout Immature 2",18
"Brook_trout","Immature",28.6,"Brook_trout Immature 2",18
"Brook_trout","Immature",28.7,"Brook_trout Immature 2",18
"Brook_trout","Immature",27.6,"Brook_trout Immature 3",18
"Brook_trout","Immature",27.8,"Brook_trout Immature 3",18
"Brook_trout","Immature",27.9,"Brook_trout Immature 3",18
"Brook_trout","Immature",28,"Brook_trout Immature 3",18
"Brook_trout","Immature",28,"Brook_trout Immature 3",18
"Brook_trout","Immature",28.1,"Brook_trout Immature 3",18
"Brook_trout","Immature",28.1,"Brook_trout Immature 3",18
"Brook_trout","Immature",28.1,"Brook_trout Immature 3",18
"Brook_trout","Immature",28.1,"Brook_trout Immature 3",18
"Brook_trout","Immature",28.1,"Brook_trout Immature 3",18
"Brook_trout","Immature",28.2,"Brook_trout Immature 3",18
"Brook_trout","Immature",28.2,"Brook_trout Immature 3",18
"Brook_trout","Immature",28.4,"Brook_trout Immature 3",18
"Brook_trout","Immature",28.5,"Brook_trout Immature 3",18
"Brook_trout","Immature",28.6,"Brook_trout Immature 3",18
"Brook_trout","Immature",28.7,"Brook_trout Immature 3",18
"Brook_trout","Immature",27.7,"Brook_trout Immature 4",18
"Brook_trout","Immature",27.8,"Brook_trout Immature 4",18
"Brook_trout","Immature",27.8,"Brook_trout Immature 4",18
"Brook_trout","Immature",28,"Brook_trout Immature 4",18
"Brook_trout","Immature",28,"Brook_trout Immature 4",18
"Brook_trout","Immature",28,"Brook_trout Immature 4",18
"Brook_trout","Immature",28.1,"Brook_trout Immature 4",18
"Brook_trout","Immature",28.2,"Brook_trout Immature 4",18
"Brook_trout","Immature",28.2,"Brook_trout Immature 4",18
"Brook_trout","Immature",28.2,"Brook_trout Immature 4",18
"Brook_trout","Immature",28.2,"Brook_trout Immature 4",18
"Brook_trout","Immature",28.3,"Brook_trout Immature 4",18
"Brook_trout","Immature",28.3,"Brook_trout Immature 4",18
"Brook_trout","Immature",28.3,"Brook_trout Immature 4",18
"Brook_trout","Immature",28.4,"Brook_trout Immature 4",18
"Brook_trout","Immature",28.5,"Brook_trout Immature 4",18
"Brook_trout","Immature",28.5,"Brook_trout Immature 4",18
"Brook_trout","Immature",28.6,"Brook_trout Immature 4",18
"Brook_trout","Immature",27.4,"Brook_trout Immature 5",18
"Brook_trout","Immature",27.5,"Brook_trout Immature 5",18
"Brook_trout","Immature",27.7,"Brook_trout Immature 5",18
"Brook_trout","Immature",27.8,"Brook_trout Immature 5",18
"Brook_trout","Immature",27.8,"Brook_trout Immature 5",18
"Brook_trout","Immature",27.9,"Brook_trout Immature 5",18
"Brook_trout","Immature",28,"Brook_trout Immature 5",18
"Brook_trout","Immature",28.1,"Brook_trout Immature 5",18
"Brook_trout","Immature",28.1,"Brook_trout Immature 5",18
"Brook_trout","Immature",28.1,"Brook_trout Immature 5",18
"Brook_trout","Immature",28.1,"Brook_trout Immature 5",18
"Brook_trout","Immature",28.3,"Brook_trout Immature 5",18
"Brook_trout","Immature",28.3,"Brook_trout Immature 5",18
"Brook_trout","Immature",28.3,"Brook_trout Immature 5",18
"Brook_trout","Immature",28.4,"Brook_trout Immature 5",18
"Brook_trout","Immature",28.4,"Brook_trout Immature 5",18
"Brook_trout","Immature",28.5,"Brook_trout Immature 5",18
"Brook_trout","Immature",28.8,"Brook_trout Immature 5",18
"Brook_trout","Immature",27.9,"Brook_trout Immature 6",18
"Brook_trout","Immature",28,"Brook_trout Immature 6",18
"Brook_trout","Immature",28,"Brook_trout Immature 6",18
"Brook_trout","Immature",28.1,"Brook_trout Immature 6",18
"Brook_trout","Immature",28.1,"Brook_trout Immature 6",18
"Brook_trout","Immature",28.2,"Brook_trout Immature 6",18
"Brook_trout","Immature",28.3,"Brook_trout Immature 6",18
"Brook_trout","Immature",28.3,"Brook_trout Immature 6",18
"Brook_trout","Immature",28.3,"Brook_trout Immature 6",18
"Brook_trout","Immature",28.3,"Brook_trout Immature 6",18
"Brook_trout","Immature",28.3,"Brook_trout Immature 6",18
"Brook_trout","Immature",28.3,"Brook_trout Immature 6",18
"Brook_trout","Immature",28.4,"Brook_trout Immature 6",18
"Brook_trout","Immature",28.4,"Brook_trout Immature 6",18
"Brook_trout","Immature",28.5,"Brook_trout Immature 6",18
"Brook_trout","Immature",28.5,"Brook_trout Immature 6",18
"Brook_trout","Immature",28.5,"Brook_trout Immature 6",18
"Brook_trout","Immature",28.5,"Brook_trout Immature 6",18
"Brook_trout","Immature",28.6,"Brook_trout Immature 6",18
"Brook_trout","Immature",27.1,"Brook_trout Immature 7",18
"Brook_trout","Immature",27.7,"Brook_trout Immature 7",18
"Brook_trout","Immature",27.9,"Brook_trout Immature 7",18
"Brook_trout","Immature",28,"Brook_trout Immature 7",18
"Brook_trout","Immature",28,"Brook_trout Immature 7",18
"Brook_trout","Immature",28,"Brook_trout Immature 7",18
"Brook_trout","Immature",28.1,"Brook_trout Immature 7",18
"Brook_trout","Immature",28.1,"Brook_trout Immature 7",18
"Brook_trout","Immature",28.1,"Brook_trout Immature 7",18
"Brook_trout","Immature",28.2,"Brook_trout Immature 7",18
"Brook_trout","Immature",28.2,"Brook_trout Immature 7",18
"Brook_trout","Immature",28.2,"Brook_trout Immature 7",18
"Brook_trout","Immature",28.3,"Brook_trout Immature 7",18
"Brook_trout","Immature",28.3,"Brook_trout Immature 7",18
"Brook_trout","Immature",28.4,"Brook_trout Immature 7",18
"Brook_trout","Immature",28.4,"Brook_trout Immature 7",18
"Brook_trout","Immature",28.5,"Brook_trout Immature 7",18
"Brook_trout","Immature",28.6,"Brook_trout Immature 7",18
"Brook_trout","Immature",27.8,"Brook_trout Immature 8",18
"Brook_trout","Immature",28,"Brook_trout Immature 8",18
"Brook_trout","Immature",28.1,"Brook_trout Immature 8",18
"Brook_trout","Immature",28.1,"Brook_trout Immature 8",18
"Brook_trout","Immature",28.1,"Brook_trout Immature 8",18
"Brook_trout","Immature",28.1,"Brook_trout Immature 8",18
"Brook_trout","Immature",28.2,"Brook_trout Immature 8",18
"Brook_trout","Immature",28.2,"Brook_trout Immature 8",18
"Brook_trout","Immature",28.3,"Brook_trout Immature 8",18
"Brook_trout","Immature",28.4,"Brook_trout Immature 8",18
"Brook_trout","Immature",28.4,"Brook_trout Immature 8",18
"Brook_trout","Immature",28.4,"Brook_trout Immature 8",18
"Brook_trout","Immature",28.4,"Brook_trout Immature 8",18
"Brook_trout","Immature",28.5,"Brook_trout Immature 8",18
"Brook_trout","Immature",28.5,"Brook_trout Immature 8",18
"Brook_trout","Immature",28.5,"Brook_trout Immature 8",18
"Brook_trout","Immature",28.7,"Brook_trout Immature 8",18
"Brook_trout","Immature",26.5,"Brook_trout Immature 9",18
"Brook_trout","Immature",27.2,"Brook_trout Immature 9",18
"Brook_trout","Immature",27.6,"Brook_trout Immature 9",18
"Brook_trout","Immature",27.7,"Brook_trout Immature 9",18
"Brook_trout","Immature",27.8,"Brook_trout Immature 9",18
"Brook_trout","Immature",27.8,"Brook_trout Immature 9",18
"Brook_trout","Immature",28.1,"Brook_trout Immature 9",18
"Brook_trout","Immature",28.1,"Brook_trout Immature 9",18
"Brook_trout","Immature",28.1,"Brook_trout Immature 9",18
"Brook_trout","Immature",28.2,"Brook_trout Immature 9",18
"Brook_trout","Immature",28.3,"Brook_trout Immature 9",18
"Brook_trout","Immature",28.3,"Brook_trout Immature 9",18
"Brook_trout","Immature",28.3,"Brook_trout Immature 9",18
"Brook_trout","Immature",28.4,"Brook_trout Immature 9",18
"Brook_trout","Immature",28.4,"Brook_trout Immature 9",18
"Brook_trout","Immature",28.5,"Brook_trout Immature 9",18
"Brook_trout","Immature",28.6,"Brook_trout Immature 9",18
"Brook_trout","Immature",28.7,"Brook_trout Immature 9",18
"Brook_trout","Immature",27.7,"Brook_trout Immature 10",18
"Brook_trout","Immature",27.8,"Brook_trout Immature 10",18
"Brook_trout","Immature",28.1,"Brook_trout Immature 10",18
"Brook_trout","Immature",28.1,"Brook_trout Immature 10",18
"Brook_trout","Immature",28.2,"Brook_trout Immature 10",18
"Brook_trout","Immature",28.2,"Brook_trout Immature 10",18
"Brook_trout","Immature",28.2,"Brook_trout Immature 10",18
"Brook_trout","Immature",28.2,"Brook_trout Immature 10",18
"Brook_trout","Immature",28.3,"Brook_trout Immature 10",18
"Brook_trout","Immature",28.3,"Brook_trout Immature 10",18
"Brook_trout","Immature",28.4,"Brook_trout Immature 10",18
"Brook_trout","Immature",28.5,"Brook_trout Immature 10",18
"Brook_trout","Immature",28.6,"Brook_trout Immature 10",18
"Brook_trout","Immature",28.6,"Brook_trout Immature 10",18
"Brook_trout","Immature",28.6,"Brook_trout Immature 10",18
"Brook_trout","Immature",26.8,"Brook_trout Immature 11",18
"Brook_trout","Immature",27.3,"Brook_trout Immature 11",18
"Brook_trout","Immature",27.4,"Brook_trout Immature 11",18
"Brook_trout","Immature",27.8,"Brook_trout Immature 11",18
"Brook_trout","Immature",27.9,"Brook_trout Immature 11",18
"Brook_trout","Immature",27.9,"Brook_trout Immature 11",18
"Brook_trout","Immature",27.9,"Brook_trout Immature 11",18
"Brook_trout","Immature",28,"Brook_trout Immature 11",18
"Brook_trout","Immature",28,"Brook_trout Immature 11",18
"Brook_trout","Immature",28,"Brook_trout Immature 11",18
"Brook_trout","Immature",28.1,"Brook_trout Immature 11",18
"Brook_trout","Immature",28.1,"Brook_trout Immature 11",18
"Brook_trout","Immature",28.2,"Brook_trout Immature 11",18
"Brook_trout","Immature",28.2,"Brook_trout Immature 11",18
"Brook_trout","Immature",28.3,"Brook_trout Immature 11",18
"Brook_trout","Immature",28.4,"Brook_trout Immature 11",18
"Brook_trout","Immature",28.4,"Brook_trout Immature 11",18
"Brook_trout","Immature",28.4,"Brook_trout Immature 11",18
"Brook_trout","Immature",27.5,"Brook_trout Immature 12",18
"Brook_trout","Immature",27.6,"Brook_trout Immature 12",18
"Brook_trout","Immature",27.6,"Brook_trout Immature 12",18
"Brook_trout","Immature",27.7,"Brook_trout Immature 12",18
"Brook_trout","Immature",27.9,"Brook_trout Immature 12",18
"Brook_trout","Immature",27.9,"Brook_trout Immature 12",18
"Brook_trout","Immature",28.1,"Brook_trout Immature 12",18
"Brook_trout","Immature",28.1,"Brook_trout Immature 12",18
"Brook_trout","Immature",28.2,"Brook_trout Immature 12",18
"Brook_trout","Immature",28.2,"Brook_trout Immature 12",18
"Brook_trout","Immature",28.2,"Brook_trout Immature 12",18
"Brook_trout","Immature",28.3,"Brook_trout Immature 12",18
"Brook_trout","Immature",28.4,"Brook_trout Immature 12",18
"Brook_trout","Immature",28.4,"Brook_trout Immature 12",18
"Brook_trout","Immature",28.5,"Brook_trout Immature 12",18
"Brook_trout","Immature",28.6,"Brook_trout Immature 12",18
"Brook_trout","Immature",28.7,"Brook_trout Immature 12",18
"Brook_trout","Immature",28.6,"Brook_trout Immature 12",18
"Brook_trout","Immature",27.3,"Brook_trout Immature 13",18
"Brook_trout","Immature",27.4,"Brook_trout Immature 13",18
"Brook_trout","Immature",27.6,"Brook_trout Immature 13",18
"Brook_trout","Immature",27.9,"Brook_trout Immature 13",18
"Brook_trout","Immature",28,"Brook_trout Immature 13",18
"Brook_trout","Immature",28,"Brook_trout Immature 13",18
"Brook_trout","Immature",28.1,"Brook_trout Immature 13",18
"Brook_trout","Immature",28.1,"Brook_trout Immature 13",18
"Brook_trout","Immature",28.1,"Brook_trout Immature 13",18
"Brook_trout","Immature",28.1,"Brook_trout Immature 13",18
"Brook_trout","Immature",28.2,"Brook_trout Immature 13",18
"Brook_trout","Immature",28.2,"Brook_trout Immature 13",18
"Brook_trout","Immature",28.3,"Brook_trout Immature 13",18
"Brook_trout","Immature",28.3,"Brook_trout Immature 13",18
"Brook_trout","Immature",28.4,"Brook_trout Immature 13",18
"Brook_trout","Immature",28.5,"Brook_trout Immature 13",18
"Brook_trout","Immature",28.5,"Brook_trout Immature 13",18
"Brook_trout","Immature",28.6,"Brook_trout Immature 13",18
"Brook_trout","Immature",28.7,"Brook_trout Immature 13",18
"Brook_trout","Immature",28.8,"Brook_trout Immature 13",18
"Brook_trout","Immature",28.9,"Brook_trout Immature 13",18
"Brook_trout","Immature",29,"Brook_trout Immature 13",18
"Brook_trout","Immature",27.1,"Brook_trout Immature 14",18
"Brook_trout","Immature",27.3,"Brook_trout Immature 14",18
"Brook_trout","Immature",27.6,"Brook_trout Immature 14",18
"Brook_trout","Immature",27.7,"Brook_trout Immature 14",18
"Brook_trout","Immature",27.8,"Brook_trout Immature 14",18
"Brook_trout","Immature",27.9,"Brook_trout Immature 14",18
"Brook_trout","Immature",27.9,"Brook_trout Immature 14",18
"Brook_trout","Immature",28,"Brook_trout Immature 14",18
"Brook_trout","Immature",28,"Brook_trout Immature 14",18
"Brook_trout","Immature",28,"Brook_trout Immature 14",18
"Brook_trout","Immature",28,"Brook_trout Immature 14",18
"Brook_trout","Immature",28.1,"Brook_trout Immature 14",18
"Brook_trout","Immature",28.1,"Brook_trout Immature 14",18
"Brook_trout","Immature",28.2,"Brook_trout Immature 14",18
"Brook_trout","Immature",28.2,"Brook_trout Immature 14",18
"Brook_trout","Immature",28.3,"Brook_trout Immature 14",18
"Brook_trout","Immature",28.3,"Brook_trout Immature 14",18
"Brook_trout","Immature",28.3,"Brook_trout Immature 14",18
"Brook_trout","Immature",28.3,"Brook_trout Immature 14",18
"Brook_trout","Immature",28.3,"Brook_trout Immature 14",18
"Brook_trout","Immature",28.4,"Brook_trout Immature 14",18
"Brook_trout","Immature",28.4,"Brook_trout Immature 14",18
"Brook_trout","Immature",28.4,"Brook_trout Immature 14",18
"Brook_trout","Immature",28.5,"Brook_trout Immature 14",18
"Brook_trout","Immature",28.5,"Brook_trout Immature 14",18
"Brook_trout","Immature",28.5,"Brook_trout Immature 14",18
"Brook_trout","Immature",27.4,"Brook_trout Immature 15",18
"Brook_trout","Immature",27.5,"Brook_trout Immature 15",18
"Brook_trout","Immature",27.6,"Brook_trout Immature 15",18
"Brook_trout","Immature",27.7,"Brook_trout Immature 15",18
"Brook_trout","Immature",27.7,"Brook_trout Immature 15",18
"Brook_trout","Immature",27.9,"Brook_trout Immature 15",18
"Brook_trout","Immature",27.9,"Brook_trout Immature 15",18
"Brook_trout","Immature",28,"Brook_trout Immature 15",18
"Brook_trout","Immature",28.2,"Brook_trout Immature 15",18
"Brook_trout","Immature",28.2,"Brook_trout Immature 15",18
"Brook_trout","Immature",28.2,"Brook_trout Immature 15",18
"Brook_trout","Immature",28.2,"Brook_trout Immature 15",18
"Brook_trout","Immature",28.2,"Brook_trout Immature 15",18
"Brook_trout","Immature",28.3,"Brook_trout Immature 15",18
"Brook_trout","Immature",28.3,"Brook_trout Immature 15",18
"Brook_trout","Immature",28.4,"Brook_trout Immature 15",18
"Brook_trout","Immature",28.4,"Brook_trout Immature 15",18
"Brook_trout","Immature",28.4,"Brook_trout Immature 15",18
"Brook_trout","Immature",28.4,"Brook_trout Immature 15",18
"Brook_trout","Immature",28.5,"Brook_trout Immature 15",18
"Brook_trout","Immature",28.5,"Brook_trout Immature 15",18
"Brook_trout","Immature",28.6,"Brook_trout Immature 15",18
"Brook_trout","Immature",28.6,"Brook_trout Immature 15",18
"Brook_trout","Immature",28.6,"Brook_trout Immature 15",18
"Brook_trout","Immature",28.6,"Brook_trout Immature 15",18
"Brook_trout","Immature",27.4,"Brook_trout Immature 16",18
"Brook_trout","Immature",27.6,"Brook_trout Immature 16",18
"Brook_trout","Immature",27.7,"Brook_trout Immature 16",18
"Brook_trout","Immature",27.9,"Brook_trout Immature 16",18
"Brook_trout","Immature",27.9,"Brook_trout Immature 16",18
"Brook_trout","Immature",28,"Brook_trout Immature 16",18
"Brook_trout","Immature",28,"Brook_trout Immature 16",18
"Brook_trout","Immature",28.1,"Brook_trout Immature 16",18
"Brook_trout","Immature",28.2,"Brook_trout Immature 16",18
"Brook_trout","Immature",28.3,"Brook_trout Immature 16",18
"Brook_trout","Immature",28.3,"Brook_trout Immature 16",18
"Brook_trout","Immature",28.3,"Brook_trout Immature 16",18
"Brook_trout","Immature",28.4,"Brook_trout Immature 16",18
"Brook_trout","Immature",28.4,"Brook_trout Immature 16",18
"Brook_trout","Immature",28.4,"Brook_trout Immature 16",18
"Brook_trout","Immature",28.4,"Brook_trout Immature 16",18
"Brook_trout","Immature",28.4,"Brook_trout Immature 16",18
"Brook_trout","Immature",28.5,"Brook_trout Immature 16",18
"Brook_trout","Immature",28.5,"Brook_trout Immature 16",18
"Brook_trout","Immature",28.5,"Brook_trout Immature 16",18
"Brook_trout","Immature",28.5,"Brook_trout Immature 16",18
"Brook_trout","Immature",28.6,"Brook_trout Immature 16",18
"Brook_trout","Immature",28.6,"Brook_trout Immature 16",18
"Brook_trout","Immature",28.6,"Brook_trout Immature 16",18
"Brook_trout","Immature",28.6,"Brook_trout Immature 16",18
"Brook_trout","Immature",28.7,"Brook_trout Immature 16",18
"Brook_trout","Immature",26.7,"Brook_trout Immature 17",18
"Brook_trout","Immature",27.6,"Brook_trout Immature 17",18
"Brook_trout","Immature",27.6,"Brook_trout Immature 17",18
"Brook_trout","Immature",27.7,"Brook_trout Immature 17",18
"Brook_trout","Immature",27.8,"Brook_trout Immature 17",18
"Brook_trout","Immature",27.9,"Brook_trout Immature 17",18
"Brook_trout","Immature",27.9,"Brook_trout Immature 17",18
"Brook_trout","Immature",28,"Brook_trout Immature 17",18
"Brook_trout","Immature",28,"Brook_trout Immature 17",18
"Brook_trout","Immature",28.1,"Brook_trout Immature 17",18
"Brook_trout","Immature",28.2,"Brook_trout Immature 17",18
"Brook_trout","Immature",28.2,"Brook_trout Immature 17",18
"Brook_trout","Immature",28.3,"Brook_trout Immature 17",18
"Brook_trout","Immature",28.3,"Brook_trout Immature 17",18
"Brook_trout","Immature",28.4,"Brook_trout Immature 17",18
"Brook_trout","Immature",28.4,"Brook_trout Immature 17",18
"Brook_trout","Immature",28.4,"Brook_trout Immature 17",18
"Brook_trout","Immature",28.4,"Brook_trout Immature 17",18
"Brook_trout","Immature",28.5,"Brook_trout Immature 17",18
"Brook_trout","Immature",28.5,"Brook_trout Immature 17",18
"Brook_trout","Immature",28.6,"Brook_trout Immature 17",18
"Brook_trout","Immature",28.6,"Brook_trout Immature 17",18
"Brook_trout","Immature",28.8,"Brook_trout Immature 17",18
"Brook_trout","Immature",27.7,"Brook_trout Immature 18",18
"Brook_trout","Immature",27.7,"Brook_trout Immature 18",18
"Brook_trout","Immature",27.7,"Brook_trout Immature 18",18
"Brook_trout","Immature",27.8,"Brook_trout Immature 18",18
"Brook_trout","Immature",27.8,"Brook_trout Immature 18",18
"Brook_trout","Immature",28,"Brook_trout Immature 18",18
"Brook_trout","Immature",28,"Brook_trout Immature 18",18
"Brook_trout","Immature",28.1,"Brook_trout Immature 18",18
"Brook_trout","Immature",28.1,"Brook_trout Immature 18",18
"Brook_trout","Immature",28.2,"Brook_trout Immature 18",18
"Brook_trout","Immature",28.2,"Brook_trout Immature 18",18
"Brook_trout","Immature",28.2,"Brook_trout Immature 18",18
"Brook_trout","Immature",28.3,"Brook_trout Immature 18",18
"Brook_trout","Immature",28.3,"Brook_trout Immature 18",18
"Brook_trout","Immature",28.3,"Brook_trout Immature 18",18
"Brook_trout","Immature",28.3,"Brook_trout Immature 18",18
"Brook_trout","Immature",28.4,"Brook_trout Immature 18",18
"Brook_trout","Immature",28.5,"Brook_trout Immature 18",18
"Brook_trout","Immature",28.5,"Brook_trout Immature 18",18
"Brook_trout","Immature",28.6,"Brook_trout Immature 18",18
"Brook_trout","Immature",28.6,"Brook_trout Immature 18",18
"Brook_trout","Immature",28.6,"Brook_trout Immature 18",18
"Brook_trout","Immature",28.6,"Brook_trout Immature 18",18
"Brook_trout","Immature",28.6,"Brook_trout Immature 18",18
"Brook_trout","Immature",28.6,"Brook_trout Immature 18",18
"Brook_trout","Immature",28.6,"Brook_trout Immature 18",18
"Brook_trout","Immature",28.7,"Brook_trout Immature 18",18
"Brook_trout","Immature",28.7,"Brook_trout Immature 18",18
"Brook_trout","Immature",28.8,"Brook_trout Immature 18",18
"Brook_trout","Immature",27.5,"Brook_trout Immature 19",18
"Brook_trout","Immature",27.6,"Brook_trout Immature 19",18
"Brook_trout","Immature",27.7,"Brook_trout Immature 19",18
"Brook_trout","Immature",27.7,"Brook_trout Immature 19",18
"Brook_trout","Immature",27.8,"Brook_trout Immature 19",18
"Brook_trout","Immature",27.8,"Brook_trout Immature 19",18
"Brook_trout","Immature",27.8,"Brook_trout Immature 19",18
"Brook_trout","Immature",27.8,"Brook_trout Immature 19",18
"Brook_trout","Immature",28,"Brook_trout Immature 19",18
"Brook_trout","Immature",28,"Brook_trout Immature 19",18
"Brook_trout","Immature",28.1,"Brook_trout Immature 19",18
"Brook_trout","Immature",28.1,"Brook_trout Immature 19",18
"Brook_trout","Immature",28.1,"Brook_trout Immature 19",18
"Brook_trout","Immature",28.2,"Brook_trout Immature 19",18
"Brook_trout","Immature",28.2,"Brook_trout Immature 19",18
"Brook_trout","Immature",28.2,"Brook_trout Immature 19",18
"Brook_trout","Immature",28.2,"Brook_trout Immature 19",18
"Brook_trout","Immature",28.2,"Brook_trout Immature 19",18
"Brook_trout","Immature",28.3,"Brook_trout Immature 19",18
"Brook_trout","Immature",28.3,"Brook_trout Immature 19",18
"Brook_trout","Immature",28.3,"Brook_trout Immature 19",18
"Brook_trout","Immature",28.3,"Brook_trout Immature 19",18
"Brook_trout","Immature",28.3,"Brook_trout Immature 19",18
"Brook_trout","Immature",28.4,"Brook_trout Immature 19",18
"Brook_trout","Immature",28.4,"Brook_trout Immature 19",18
"Brook_trout","Immature",28.5,"Brook_trout Immature 19",18
"Brook_trout","Immature",28.5,"Brook_trout Immature 19",18
"Brook_trout","Immature",27.1,"Brook_trout Immature 20",18
"Brook_trout","Immature",27.2,"Brook_trout Immature 20",18
"Brook_trout","Immature",27.4,"Brook_trout Immature 20",18
"Brook_trout","Immature",27.5,"Brook_trout Immature 20",18
"Brook_trout","Immature",27.6,"Brook_trout Immature 20",18
"Brook_trout","Immature",27.7,"Brook_trout Immature 20",18
"Brook_trout","Immature",27.7,"Brook_trout Immature 20",18
"Brook_trout","Immature",27.7,"Brook_trout Immature 20",18
"Brook_trout","Immature",27.8,"Brook_trout Immature 20",18
"Brook_trout","Immature",27.8,"Brook_trout Immature 20",18
"Brook_trout","Immature",27.9,"Brook_trout Immature 20",18
"Brook_trout","Immature",27.9,"Brook_trout Immature 20",18
"Brook_trout","Immature",28,"Brook_trout Immature 20",18
"Brook_trout","Immature",28,"Brook_trout Immature 20",18
"Brook_trout","Immature",28,"Brook_trout Immature 20",18
"Brook_trout","Immature",28,"Brook_trout Immature 20",18
"Brook_trout","Immature",28.1,"Brook_trout Immature 20",18
"Brook_trout","Immature",28.2,"Brook_trout Immature 20",18
"Brook_trout","Immature",28.2,"Brook_trout Immature 20",18
"Brook_trout","Immature",28.2,"Brook_trout Immature 20",18
"Brook_trout","Immature",28.2,"Brook_trout Immature 20",18
"Brook_trout","Immature",28.2,"Brook_trout Immature 20",18
"Brook_trout","Immature",28.2,"Brook_trout Immature 20",18
"Brook_trout","Immature",28.2,"Brook_trout Immature 20",18
"Brook_trout","Immature",28.2,"Brook_trout Immature 20",18
"Brook_trout","Immature",28.3,"Brook_trout Immature 20",18
"Brook_trout","Immature",28.3,"Brook_trout Immature 20",18
"Brook_trout","Immature",28.3,"Brook_trout Immature 20",18
"Brook_trout","Immature",28.4,"Brook_trout Immature 20",18
"Brook_trout","Immature",28.4,"Brook_trout Immature 20",18
"Brook_trout","Immature",28.5,"Brook_trout Immature 20",18
"Brook_trout","Immature",27.3,"Brook_trout Immature 21",18
"Brook_trout","Immature",27.8,"Brook_trout Immature 21",18
"Brook_trout","Immature",27.8,"Brook_trout Immature 21",18
"Brook_trout","Immature",27.9,"Brook_trout Immature 21",18
"Brook_trout","Immature",28,"Brook_trout Immature 21",18
"Brook_trout","Immature",28,"Brook_trout Immature 21",18
"Brook_trout","Immature",28,"Brook_trout Immature 21",18
"Brook_trout","Immature",28.1,"Brook_trout Immature 21",18
"Brook_trout","Immature",28.1,"Brook_trout Immature 21",18
"Brook_trout","Immature",28.2,"Brook_trout Immature 21",18
"Brook_trout","Immature",28.2,"Brook_trout Immature 21",18
"Brook_trout","Immature",28.2,"Brook_trout Immature 21",18
"Brook_trout","Immature",28.2,"Brook_trout Immature 21",18
"Brook_trout","Immature",28.2,"Brook_trout Immature 21",18
"Brook_trout","Immature",28.3,"Brook_trout Immature 21",18
"Brook_trout","Immature",28.3,"Brook_trout Immature 21",18
"Brook_trout","Immature",28.3,"Brook_trout Immature 21",18
"Brook_trout","Immature",28.4,"Brook_trout Immature 21",18
"Brook_trout","Immature",28.5,"Brook_trout Immature 21",18
"Brook_trout","Immature",27.3,"Brook_trout Immature 22",18
"Brook_trout","Immature",27.4,"Brook_trout Immature 22",18
"Brook_trout","Immature",27.7,"Brook_trout Immature 22",18
"Brook_trout","Immature",27.9,"Brook_trout Immature 22",18
"Brook_trout","Immature",27.9,"Brook_trout Immature 22",18
"Brook_trout","Immature",28,"Brook_trout Immature 22",18
"Brook_trout","Immature",28,"Brook_trout Immature 22",18
"Brook_trout","Immature",28,"Brook_trout Immature 22",18
"Brook_trout","Immature",28,"Brook_trout Immature 22",18
"Brook_trout","Immature",28.1,"Brook_trout Immature 22",18
"Brook_trout","Immature",28.2,"Brook_trout Immature 22",18
"Brook_trout","Immature",28.3,"Brook_trout Immature 22",18
"Brook_trout","Immature",28.3,"Brook_trout Immature 22",18
"Brook_trout","Immature",28.3,"Brook_trout Immature 22",18
"Brook_trout","Immature",28.4,"Brook_trout Immature 22",18
"Brook_trout","Immature",28.4,"Brook_trout Immature 22",18
"Brook_trout","Immature",28.5,"Brook_trout Immature 22",18
"Brook_trout","Immature",28.6,"Brook_trout Immature 22",18
"Brook_trout","Immature",27.7,"Brook_trout Immature 23",18
"Brook_trout","Immature",27.6,"Brook_trout Immature 23",18
"Brook_trout","Immature",27.7,"Brook_trout Immature 23",18
"Brook_trout","Immature",27.9,"Brook_trout Immature 23",18
"Brook_trout","Immature",27.9,"Brook_trout Immature 23",18
"Brook_trout","Immature",28,"Brook_trout Immature 23",18
"Brook_trout","Immature",28,"Brook_trout Immature 23",18
"Brook_trout","Immature",28.1,"Brook_trout Immature 23",18
"Brook_trout","Immature",28.1,"Brook_trout Immature 23",18
"Brook_trout","Immature",28.2,"Brook_trout Immature 23",18
"Brook_trout","Immature",28.3,"Brook_trout Immature 23",18
"Brook_trout","Immature",28.3,"Brook_trout Immature 23",18
"Brook_trout","Immature",28.3,"Brook_trout Immature 23",18
"Brook_trout","Immature",28.4,"Brook_trout Immature 23",18
"Brook_trout","Immature",28.5,"Brook_trout Immature 23",18
"Brook_trout","Immature",27.3,"Brook_trout Immature 24",18
"Brook_trout","Immature",27.4,"Brook_trout Immature 24",18
"Brook_trout","Immature",27.6,"Brook_trout Immature 24",18
"Brook_trout","Immature",27.7,"Brook_trout Immature 24",18
"Brook_trout","Immature",27.7,"Brook_trout Immature 24",18
"Brook_trout","Immature",27.8,"Brook_trout Immature 24",18
"Brook_trout","Immature",27.8,"Brook_trout Immature 24",18
"Brook_trout","Immature",27.9,"Brook_trout Immature 24",18
"Brook_trout","Immature",27.9,"Brook_trout Immature 24",18
"Brook_trout","Immature",28,"Brook_trout Immature 24",18
"Brook_trout","Immature",28,"Brook_trout Immature 24",18
"Brook_trout","Immature",28.1,"Brook_trout Immature 24",18
"Brook_trout","Immature",28.2,"Brook_trout Immature 24",18
"Brook_trout","Immature",28.2,"Brook_trout Immature 24",18
"Brook_trout","Immature",28.3,"Brook_trout Immature 24",18
"Brook_trout","Immature",28.3,"Brook_trout Immature 24",18
"Brook_trout","Immature",28.3,"Brook_trout Immature 24",18
"Brook_trout","Immature",28.3,"Brook_trout Immature 24",18
"Brook_trout","Immature",28.3,"Brook_trout Immature 24",18
"Brook_trout","Immature",28.4,"Brook_trout Immature 24",18
"Brook_trout","Immature",28.4,"Brook_trout Immature 24",18
"Brook_trout","Immature",28.5,"Brook_trout Immature 24",18
"Brook_trout","Immature",28.5,"Brook_trout Immature 24",18
"Brook_trout","Immature",28.5,"Brook_trout Immature 24",18
"Brook_trout","Immature",28.5,"Brook_trout Immature 24",18
"Brook_trout","Immature",28.5,"Brook_trout Immature 24",18
"Brook_trout","Immature",27.6,"Brook_trout Immature 25",18
"Brook_trout","Immature",27.7,"Brook_trout Immature 25",18
"Brook_trout","Immature",27.8,"Brook_trout Immature 25",18
"Brook_trout","Immature",27.8,"Brook_trout Immature 25",18
"Brook_trout","Immature",27.9,"Brook_trout Immature 25",18
"Brook_trout","Immature",27.9,"Brook_trout Immature 25",18
"Brook_trout","Immature",28,"Brook_trout Immature 25",18
"Brook_trout","Immature",28,"Brook_trout Immature 25",18
"Brook_trout","Immature",28,"Brook_trout Immature 25",18
"Brook_trout","Immature",28.1,"Brook_trout Immature 25",18
"Brook_trout","Immature",28.1,"Brook_trout Immature 25",18
"Brook_trout","Immature",28.2,"Brook_trout Immature 25",18
"Brook_trout","Immature",28.2,"Brook_trout Immature 25",18
"Brook_trout","Immature",28.3,"Brook_trout Immature 25",18
"Brook_trout","Immature",27.8,"Brook_trout Immature 26",18
"Brook_trout","Immature",27.8,"Brook_trout Immature 26",18
"Brook_trout","Immature",27.9,"Brook_trout Immature 26",18
"Brook_trout","Immature",27.9,"Brook_trout Immature 26",18
"Brook_trout","Immature",28,"Brook_trout Immature 26",18
"Brook_trout","Immature",28,"Brook_trout Immature 26",18
"Brook_trout","Immature",28,"Brook_trout Immature 26",18
"Brook_trout","Immature",28.1,"Brook_trout Immature 26",18
"Brook_trout","Immature",28.2,"Brook_trout Immature 26",18
"Brook_trout","Immature",28.3,"Brook_trout Immature 26",18
"Brook_trout","Immature",28.3,"Brook_trout Immature 26",18
"Brook_trout","Immature",28.4,"Brook_trout Immature 26",18
"Brook_trout","Immature",28.4,"Brook_trout Immature 26",18
"Brook_trout","Immature",28.5,"Brook_trout Immature 26",18
"Brook_trout","Immature",28.7,"Brook_trout Immature 26",18
"Brook_trout","Immature",27.7,"Brook_trout Immature 27",18
"Brook_trout","Immature",27.8,"Brook_trout Immature 27",18
"Brook_trout","Immature",28,"Brook_trout Immature 27",18
"Brook_trout","Immature",28.1,"Brook_trout Immature 27",18
"Brook_trout","Immature",28.3,"Brook_trout Immature 27",18
"Brook_trout","Immature",28.3,"Brook_trout Immature 27",18
"Brook_trout","Immature",28.4,"Brook_trout Immature 27",18
"Brook_trout","Immature",28.4,"Brook_trout Immature 27",18
"Brook_trout","Immature",28.3,"Brook_trout Immature 27",18
"Brook_trout","Immature",28.3,"Brook_trout Immature 27",18
"Brook_trout","Immature",28.3,"Brook_trout Immature 27",18
"Brook_trout","Immature",28.4,"Brook_trout Immature 27",18
"Brook_trout","Immature",28.5,"Brook_trout Immature 27",18
"Brook_trout","Immature",28.5,"Brook_trout Immature 27",18
"Brook_trout","Immature",28.5,"Brook_trout Immature 27",18
"Brook_trout","Spawner",28.1,"Brook_trout Spawner 2",18
"Brook_trout","Spawner",26,"Brook_trout Spawner 3",18
"Brook_trout","Spawner",26.2,"Brook_trout Spawner 4",18
"Brook_trout","Spawner",27.5,"Brook_trout Spawner 4",18
"Brook_trout","Spawner",26.8,"Brook_trout Spawner 4",18
"Brook_trout","Spawner",26.89,"Brook_trout Spawner 5",18
"Brook_trout","Spawner",27.2,"Brook_trout Spawner 5",18
"Brook_trout","Spawner",27.3,"Brook_trout Spawner 5",18
"Brook_trout","Spawner",26.67,"Brook_trout Spawner 5",18
"Brook_trout","Spawner",26.72,"Brook_trout Spawner 5",18
"Brook_trout","Spawner",28.5,"Brook_trout Spawner 5",18
"Brook_trout","Spawner",27.3,"Brook_trout Spawner 6",18
"Brook_trout","Spawner",28.1,"Brook_trout Spawner 6",18
"Brook_trout","Spawner",26.9,"Brook_trout Spawner 6",18
"Brook_trout","Spawner",27.8,"Brook_trout Spawner 6",18
"Brook_trout","Spawner",28.1,"Brook_trout Spawner 6",18
"Brook_trout","Spawner",28.6,"Brook_trout Spawner 6",18
"Brook_trout","Spawner",25.28,"Brook_trout Spawner 1",18
"Brook_trout","Spawner",25.31,"Brook_trout Spawner 1",18
"Brook_trout","Spawner",25.24,"Brook_trout Spawner 1",18
"Brook_trout","Spawner",25.57,"Brook_trout Spawner 1",18
"Brook_trout","Spawner",26.46,"Brook_trout Spawner 1",18
"Brook_trout","Spawner",26.56,"Brook_trout Spawner 1",18
"Brook_trout","Spawner",27.26,"Brook_trout Spawner 1",18
"Brook_trout","Spawner",27.14,"Brook_trout Spawner 1",18
"Brook_trout","Spawner",27.49,"Brook_trout Spawner 1",18
"Brook_trout","Spawner",28.07,"Brook_trout Spawner 1",18
"Brook_trout","Spawner",28.65,"Brook_trout Spawner 1",18
"Brook_trout","Spawner",25.16,"Brook_trout Spawner 2",18
"Brook_trout","Spawner",25.21,"Brook_trout Spawner 2",18
"Brook_trout","Spawner",25.03,"Brook_trout Spawner 2",18
"Brook_trout","Spawner",25.65,"Brook_trout Spawner 2",18
"Brook_trout","Spawner",26.19,"Brook_trout Spawner 2",18
"Brook_trout","Spawner",26.13,"Brook_trout Spawner 2",18
"Brook_trout","Spawner",25.89,"Brook_trout Spawner 2",18
"Brook_trout","Spawner",26.24,"Brook_trout Spawner 2",18
"Brook_trout","Spawner",27.98,"Brook_trout Spawner 2",18
"Brook_trout","Spawner",28.6,"Brook_trout Spawner 2",18
"Brook_trout","Spawner",25.53,"Brook_trout Spawner 3",18
"Brook_trout","Spawner",25.8,"Brook_trout Spawner 3",18
"Brook_trout","Spawner",26.38,"Brook_trout Spawner 3",18
"Brook_trout","Spawner",26.56,"Brook_trout Spawner 3",18
"Brook_trout","Spawner",26.6,"Brook_trout Spawner 3",18
"Brook_trout","Spawner",27,"Brook_trout Spawner 3",18
"Brook_trout","Spawner",27.03,"Brook_trout Spawner 3",18
"Brook_trout","Spawner",27.05,"Brook_trout Spawner 3",18
"Brook_trout","Spawner",27.09,"Brook_trout Spawner 3",18
"Pumpkinseed","Immature",34.7,"Pumpkinseed Immature Trial_1",18
"Pumpkinseed","Immature",35,"Pumpkinseed Immature Trial_1",18
"Pumpkinseed","Immature",35.3,"Pumpkinseed Immature Trial_1",18
"Pumpkinseed","Immature",35.3,"Pumpkinseed Immature Trial_1",18
"Pumpkinseed","Immature",35.4,"Pumpkinseed Immature Trial_1",18
"Pumpkinseed","Immature",35.4,"Pumpkinseed Immature Trial_1",18
"Pumpkinseed","Immature",35.6,"Pumpkinseed Immature Trial_1",18
"Pumpkinseed","Immature",35.6,"Pumpkinseed Immature Trial_1",18
"Pumpkinseed","Immature",35.5,"Pumpkinseed Immature Trial_1",18
"Pumpkinseed","Spawner",35.5,"Pumpkinseed Spawner Trial_1",18
"Pumpkinseed","Immature",35.5,"Pumpkinseed Immature Trial_1",18
"Pumpkinseed","Immature",35.5,"Pumpkinseed Immature Trial_1",18
"Pumpkinseed","Immature",33.3,"Pumpkinseed Immature Trial_2",18
"Pumpkinseed","Immature",34.4,"Pumpkinseed Immature Trial_2",18
"Pumpkinseed","Immature",34.9,"Pumpkinseed Immature Trial_2",18
"Pumpkinseed","Immature",35,"Pumpkinseed Immature Trial_2",18
"Pumpkinseed","Immature",35.3,"Pumpkinseed Immature Trial_2",18
"Pumpkinseed","Spawner",35.3,"Pumpkinseed Spawner Trial_2",18
"Pumpkinseed","Spawner",35.3,"Pumpkinseed Spawner Trial_2",18
"Pumpkinseed","Immature",35.4,"Pumpkinseed Immature Trial_2",18
"Pumpkinseed","Immature",35.3,"Pumpkinseed Immature Trial_2",18
"Pumpkinseed","Immature",35.3,"Pumpkinseed Immature Trial_2",18
"Pumpkinseed","Immature",35.3,"Pumpkinseed Immature Trial_2",18
"Pumpkinseed","Immature",35.6,"Pumpkinseed Immature Trial_2",18
"Pumpkinseed","Spawner",34.6,"Pumpkinseed Spawner Trial_3",18
"Pumpkinseed","Immature",34.9,"Pumpkinseed Immature Trial_3",18
"Pumpkinseed","Spawner",35.1,"Pumpkinseed Spawner Trial_3",18
"Pumpkinseed","Immature",35.1,"Pumpkinseed Immature Trial_3",18
"Pumpkinseed","Immature",35.2,"Pumpkinseed Immature Trial_3",18
"Pumpkinseed","Immature",35.3,"Pumpkinseed Immature Trial_3",18
"Pumpkinseed","Immature",35.4,"Pumpkinseed Immature Trial_3",18
"Pumpkinseed","Immature",34.5,"Pumpkinseed Immature Trial_4",18
"Pumpkinseed","Spawner",34.8,"Pumpkinseed Spawner Trial_4",18
"Pumpkinseed","Immature",35.2,"Pumpkinseed Immature Trial_4",18
"Pumpkinseed","Immature",35.2,"Pumpkinseed Immature Trial_4",18
"Pumpkinseed","Spawner",35.2,"Pumpkinseed Spawner Trial_4",18
"Pumpkinseed","Immature",35.2,"Pumpkinseed Immature Trial_4",18
"Pumpkinseed","Immature",35.5,"Pumpkinseed Immature Trial_4",18
"Pumpkinseed","Spawner",35.8,"Pumpkinseed Spawner Trial_5",18
"Pumpkinseed","Spawner",36.5,"Pumpkinseed Spawner Trial_5",18
"Pumpkinseed","Larva",30.25,"Pumpkinseed Larva Trial_6",18
"Pumpkinseed","Larva",30.39,"Pumpkinseed Larva Trial_6",18
"Pumpkinseed","Larva",30.58,"Pumpkinseed Larva Trial_6",18
"Pumpkinseed","Larva",31.1,"Pumpkinseed Larva Trial_6",18
"Pumpkinseed","Larva",31.24,"Pumpkinseed Larva Trial_6",18
"Pumpkinseed","Larva",35.42,"Pumpkinseed Larva Trial_6",18
"Pumpkinseed","Larva",31.08,"Pumpkinseed Larva Trial_7",18
"Pumpkinseed","Larva",31.73,"Pumpkinseed Larva Trial_7",18
"Pumpkinseed","Larva",33.28,"Pumpkinseed Larva Trial_7",18
"Pumpkinseed","Larva",34.07,"Pumpkinseed Larva Trial_7",18
"Pumpkinseed","Larva",37.12,"Pumpkinseed Larva Trial_7",18
"Pumpkinseed","Larva",37.41,"Pumpkinseed Larva Trial_7",18
"Pumpkinseed","Larva",37.62,"Pumpkinseed Larva Trial_7",18
"Pumpkinseed","Larva",37.79,"Pumpkinseed Larva Trial_7",18
"Pumpkinseed","Larva",33.41,"Pumpkinseed Larva Trial_8",18
"Pumpkinseed","Larva",34.85,"Pumpkinseed Larva Trial_8",18
"Pumpkinseed","Larva",36.71,"Pumpkinseed Larva Trial_8",18
"Pumpkinseed","Larva",36.82,"Pumpkinseed Larva Trial_8",18
"Pumpkinseed","Larva",37.15,"Pumpkinseed Larva Trial_8",18
"Pumpkinseed","Larva",37.26,"Pumpkinseed Larva Trial_8",18
"Pumpkinseed","Larva",37.51,"Pumpkinseed Larva Trial_8",18
"Pumpkinseed","Larva",37.46,"Pumpkinseed Larva Trial_8",18
"Pumpkinseed","Larva",37.73,"Pumpkinseed Larva Trial_8",18
"Pumpkinseed","Larva",37.78,"Pumpkinseed Larva Trial_8",18
"Pumpkinseed","Larva",32.31,"Pumpkinseed Larva Trial_9",18
"Pumpkinseed","Larva",34.02,"Pumpkinseed Larva Trial_9",18
"Pumpkinseed","Larva",37.03,"Pumpkinseed Larva Trial_9",18
"Pumpkinseed","Larva",37.16,"Pumpkinseed Larva Trial_9",18
"Pumpkinseed","Larva",37.29,"Pumpkinseed Larva Trial_9",18
"Pumpkinseed","Larva",37.46,"Pumpkinseed Larva Trial_9",18
"Pumpkinseed","Larva",37.5,"Pumpkinseed Larva Trial_9",18
"Pumpkinseed","Larva",37.65,"Pumpkinseed Larva Trial_9",18
"Pumpkinseed","Larva",37.73,"Pumpkinseed Larva Trial_9",18
"Pumpkinseed","Larva",37.8,"Pumpkinseed Larva Trial_9",18
"Pumpkinseed","Larva",32.37,"Pumpkinseed Larva Trial_10",18
"Pumpkinseed","Larva",32.86,"Pumpkinseed Larva Trial_10",18
"Pumpkinseed","Larva",32.97,"Pumpkinseed Larva Trial_10",18
"Pumpkinseed","Larva",33.6,"Pumpkinseed Larva Trial_10",18
"Pumpkinseed","Larva",33.8,"Pumpkinseed Larva Trial_10",18
"Pumpkinseed","Larva",34.26,"Pumpkinseed Larva Trial_10",18
"Pumpkinseed","Larva",37.7,"Pumpkinseed Larva Trial_10",18
"Pumpkinseed","Larva",37.81,"Pumpkinseed Larva Trial_10",18
"Pumpkinseed","Larva",38.88,"Pumpkinseed Larva Trial_10",18
"Pumpkinseed","Larva",39.05,"Pumpkinseed Larva Trial_10",18
"Pumpkinseed","Larva",31.85,"Pumpkinseed Larva Trial_11",18
"Pumpkinseed","Larva",33.76,"Pumpkinseed Larva Trial_11",18
"Pumpkinseed","Larva",34.29,"Pumpkinseed Larva Trial_11",18
"Pumpkinseed","Larva",36.85,"Pumpkinseed Larva Trial_11",18
"Pumpkinseed","Larva",37.58,"Pumpkinseed Larva Trial_11",18
"Pumpkinseed","Larva",37.82,"Pumpkinseed Larva Trial_11",18
"Pumpkinseed","Larva",37.82,"Pumpkinseed Larva Trial_11",18
"Pumpkinseed","Larva",38.13,"Pumpkinseed Larva Trial_11",18
"Pumpkinseed","Larva",38.13,"Pumpkinseed Larva Trial_11",18
"Pumpkinseed","Larva",39.13,"Pumpkinseed Larva Trial_11",18
"Pumpkinseed","Larva",32.6,"Pumpkinseed Larva Trial_12",18
"Pumpkinseed","Larva",33,"Pumpkinseed Larva Trial_12",18
"Pumpkinseed","Larva",33.8,"Pumpkinseed Larva Trial_12",18
"Pumpkinseed","Larva",37.61,"Pumpkinseed Larva Trial_12",18
"Pumpkinseed","Larva",37.66,"Pumpkinseed Larva Trial_12",18
"Pumpkinseed","Larva",37.66,"Pumpkinseed Larva Trial_12",18
"Pumpkinseed","Larva",38.25,"Pumpkinseed Larva Trial_12",18
"Pumpkinseed","Larva",38.7,"Pumpkinseed Larva Trial_12",18
"Pumpkinseed","Larva",33.82,"Pumpkinseed Larva Trial_13",18
"Pumpkinseed","Larva",34.52,"Pumpkinseed Larva Trial_13",18
"Pumpkinseed","Larva",37.5,"Pumpkinseed Larva Trial_13",18
"Pumpkinseed","Larva",37.52,"Pumpkinseed Larva Trial_13",18
"Pumpkinseed","Larva",37.54,"Pumpkinseed Larva Trial_13",18
"Pumpkinseed","Larva",37.76,"Pumpkinseed Larva Trial_13",18
"Pumpkinseed","Larva",37.78,"Pumpkinseed Larva Trial_13",18
"Pumpkinseed","Larva",37.88,"Pumpkinseed Larva Trial_13",18
"Pumpkinseed","Larva",37.9,"Pumpkinseed Larva Trial_13",18
"Pumpkinseed","Larva",37.9,"Pumpkinseed Larva Trial_13",18
"Pumpkinseed","Larva",32.67,"Pumpkinseed Larva Trial_14",18
"Pumpkinseed","Larva",37.44,"Pumpkinseed Larva Trial_14",18
"Pumpkinseed","Larva",37.75,"Pumpkinseed Larva Trial_14",18
"Pumpkinseed","Larva",38.05,"Pumpkinseed Larva Trial_14",18
"Pumpkinseed","Larva",38.22,"Pumpkinseed Larva Trial_14",18
"Pumpkinseed","Larva",38.45,"Pumpkinseed Larva Trial_14",18
"Pumpkinseed","Larva",38.57,"Pumpkinseed Larva Trial_14",18
"Pumpkinseed","Larva",38.65,"Pumpkinseed Larva Trial_14",18
"Pumpkinseed","Larva",38.75,"Pumpkinseed Larva Trial_14",18
"Pumpkinseed","Larva",38.87,"Pumpkinseed Larva Trial_14",18
"Pumpkinseed","Larva",37.16,"Pumpkinseed Larva Trial_15",18
"Pumpkinseed","Larva",37.4,"Pumpkinseed Larva Trial_15",18
"Pumpkinseed","Larva",37.5,"Pumpkinseed Larva Trial_15",18
"Pumpkinseed","Larva",37.64,"Pumpkinseed Larva Trial_15",18
"Pumpkinseed","Larva",37.73,"Pumpkinseed Larva Trial_15",18
"Pumpkinseed","Larva",37.83,"Pumpkinseed Larva Trial_15",18
"Pumpkinseed","Larva",37.99,"Pumpkinseed Larva Trial_15",18
"Pumpkinseed","Larva",38.1,"Pumpkinseed Larva Trial_15",18
"Pumpkinseed","Larva",38.2,"Pumpkinseed Larva Trial_15",18
"Pumpkinseed","Larva",38.33,"Pumpkinseed Larva Trial_15",18
"Pumpkinseed","Larva",35.06,"Pumpkinseed Larva Trial_16",18
"Pumpkinseed","Larva",37,"Pumpkinseed Larva Trial_16",18
"Pumpkinseed","Larva",36.92,"Pumpkinseed Larva Trial_16",18
"Pumpkinseed","Larva",36.62,"Pumpkinseed Larva Trial_16",18
"Pumpkinseed","Larva",36.71,"Pumpkinseed Larva Trial_16",18
"Pumpkinseed","Larva",36.49,"Pumpkinseed Larva Trial_16",18
"Pumpkinseed","Larva",36.46,"Pumpkinseed Larva Trial_16",18
"Pumpkinseed","Larva",38.18,"Pumpkinseed Larva Trial_16",18
"Pumpkinseed","Larva",38.85,"Pumpkinseed Larva Trial_16",18
"Pumpkinseed","Larva",38.94,"Pumpkinseed Larva Trial_16",18
"Pumpkinseed","Larva",36.82,"Pumpkinseed Larva Trial_17",18
"Pumpkinseed","Larva",36.91,"Pumpkinseed Larva Trial_17",18
"Pumpkinseed","Larva",36.91,"Pumpkinseed Larva Trial_17",18
"Pumpkinseed","Larva",37,"Pumpkinseed Larva Trial_17",18
"Pumpkinseed","Larva",37.59,"Pumpkinseed Larva Trial_17",18
"Pumpkinseed","Larva",37.59,"Pumpkinseed Larva Trial_17",18
"Pumpkinseed","Larva",37.59,"Pumpkinseed Larva Trial_17",18
"Pumpkinseed","Larva",37.79,"Pumpkinseed Larva Trial_17",18
"Pumpkinseed","Larva",37.79,"Pumpkinseed Larva Trial_17",18
"Pumpkinseed","Larva",37.79,"Pumpkinseed Larva Trial_17",18
"Pumpkinseed","Larva",37.57,"Pumpkinseed Larva Trial_18",18
"Pumpkinseed","Larva",37.65,"Pumpkinseed Larva Trial_18",18
"Pumpkinseed","Larva",37.65,"Pumpkinseed Larva Trial_18",18
"Pumpkinseed","Larva",37.65,"Pumpkinseed Larva Trial_18",18
"Pumpkinseed","Larva",37.65,"Pumpkinseed Larva Trial_18",18
"Pumpkinseed","Larva",37.65,"Pumpkinseed Larva Trial_18",18
"Pumpkinseed","Larva",37.65,"Pumpkinseed Larva Trial_18",18
"Pumpkinseed","Larva",37.65,"Pumpkinseed Larva Trial_18",18
"Pumpkinseed","Larva",37.65,"Pumpkinseed Larva Trial_18",18
"Pumpkinseed","Larva",37.65,"Pumpkinseed Larva Trial_18",18
"Pumpkinseed","Embryo",31.36,"Pumpkinseed Embryo Trial_28",18
"Pumpkinseed","Embryo",38.05,"Pumpkinseed Embryo Trial_28",18
"Pumpkinseed","Embryo",37.4,"Pumpkinseed Embryo Trial_29",18
"Pumpkinseed","Embryo",37.79,"Pumpkinseed Embryo Trial_29",18
"Pumpkinseed","Embryo",37.79,"Pumpkinseed Embryo Trial_29",18
"Pumpkinseed","Embryo",37.94,"Pumpkinseed Embryo Trial_29",18
"Pumpkinseed","Embryo",36.42,"Pumpkinseed Embryo Trial_30",18
